-- --------------------------------------------------------
-- Host:                         127.0.0.1
-- Server version:               10.1.37-MariaDB - mariadb.org binary distribution
-- Server OS:                    Win32
-- HeidiSQL Version:             10.0.0.5460
-- --------------------------------------------------------

/*!40101 SET @OLD_CHARACTER_SET_CLIENT=@@CHARACTER_SET_CLIENT */;
/*!40101 SET NAMES utf8 */;
/*!50503 SET NAMES utf8mb4 */;
/*!40014 SET @OLD_FOREIGN_KEY_CHECKS=@@FOREIGN_KEY_CHECKS, FOREIGN_KEY_CHECKS=0 */;
/*!40101 SET @OLD_SQL_MODE=@@SQL_MODE, SQL_MODE='NO_AUTO_VALUE_ON_ZERO' */;


-- Dumping database structure for warehouse
CREATE DATABASE IF NOT EXISTS `warehouse` /*!40100 DEFAULT CHARACTER SET latin1 */;
USE `warehouse`;

-- Dumping structure for table warehouse.bongkar_footer
CREATE TABLE IF NOT EXISTS `bongkar_footer` (
  `id` int(10) unsigned NOT NULL AUTO_INCREMENT,
  `header_id` int(10) unsigned NOT NULL,
  `item_id` int(10) unsigned NOT NULL,
  `qty` int(11) NOT NULL,
  `note` varchar(191) COLLATE utf8mb4_unicode_ci DEFAULT NULL,
  `created_at` timestamp NULL DEFAULT NULL,
  `updated_at` timestamp NULL DEFAULT NULL,
  PRIMARY KEY (`id`)
) ENGINE=InnoDB AUTO_INCREMENT=188 DEFAULT CHARSET=utf8mb4 COLLATE=utf8mb4_unicode_ci;

-- Dumping data for table warehouse.bongkar_footer: ~180 rows (approximately)
/*!40000 ALTER TABLE `bongkar_footer` DISABLE KEYS */;
REPLACE INTO `bongkar_footer` (`id`, `header_id`, `item_id`, `qty`, `note`, `created_at`, `updated_at`) VALUES
	(1, 1, 2, 15, NULL, '2019-03-19 10:31:42', '2019-03-19 10:31:42'),
	(2, 1, 5, 13, NULL, '2019-03-19 10:31:42', '2019-03-19 10:31:42'),
	(3, 2, 3, 4, NULL, '2019-03-19 10:31:42', '2019-03-19 10:31:42'),
	(4, 3, 6, 8, NULL, '2019-03-19 10:31:42', '2019-03-19 10:31:42'),
	(5, 4, 21, 164, NULL, '2019-03-19 10:31:42', '2019-03-19 10:31:42'),
	(6, 5, 55, 14, NULL, '2019-03-19 10:31:42', '2019-03-19 10:31:42'),
	(7, 6, 58, 6, NULL, '2019-03-19 10:31:42', '2019-03-19 10:31:42'),
	(9, 8, 66, 90, '', '2019-03-19 11:00:00', '2019-03-19 11:00:00'),
	(10, 9, 67, 168, '', '2019-03-19 11:02:15', '2019-03-19 11:02:15'),
	(11, 10, 3, 15, 'DO 1/015919', '2019-03-19 11:18:52', '2019-03-19 11:18:52'),
	(12, 10, 4, 10, 'DO 1/017119', '2019-03-19 11:18:52', '2019-03-19 11:18:52'),
	(13, 10, 4, 15, 'DO 1/016019', '2019-03-19 11:18:52', '2019-03-19 11:18:52'),
	(14, 11, 54, 7, '', '2019-03-19 11:26:27', '2019-03-19 11:26:27'),
	(15, 11, 68, 7, '', '2019-03-19 11:26:27', '2019-03-19 11:26:27'),
	(16, 12, 60, 32, '', '2019-03-19 12:02:05', '2019-03-19 12:02:05'),
	(17, 12, 69, 7, '', '2019-03-19 12:02:05', '2019-03-19 12:02:05'),
	(18, 12, 70, 5, '', '2019-03-19 12:02:05', '2019-03-19 12:02:05'),
	(19, 12, 71, 2, '', '2019-03-19 12:02:05', '2019-03-19 12:02:05'),
	(20, 12, 63, 10, '', '2019-03-19 12:02:05', '2019-03-19 12:02:05'),
	(21, 13, 6, 6, '', '2019-03-19 12:12:02', '2019-03-19 12:12:02'),
	(22, 14, 5, 9, '', '2019-03-19 12:13:02', '2019-03-19 12:13:02'),
	(23, 15, 3, 2, '', '2019-03-19 12:15:49', '2019-03-19 12:15:49'),
	(24, 15, 3, 15, '', '2019-03-19 12:15:49', '2019-03-19 12:15:49'),
	(25, 15, 3, 8, '', '2019-03-19 12:15:49', '2019-03-19 12:15:49'),
	(26, 16, 42, 160, '', '2019-03-19 12:29:27', '2019-03-19 12:29:27'),
	(27, 16, 42, 180, '', '2019-03-19 12:29:27', '2019-03-19 12:29:27'),
	(28, 16, 37, 200, '', '2019-03-19 12:29:27', '2019-03-19 12:29:27'),
	(29, 16, 35, 40, '', '2019-03-19 12:29:27', '2019-03-19 12:29:27'),
	(30, 16, 41, 20, '', '2019-03-19 12:29:27', '2019-03-19 12:29:27'),
	(31, 16, 38, 20, '', '2019-03-19 12:29:27', '2019-03-19 12:29:27'),
	(32, 16, 41, 40, '', '2019-03-19 12:29:27', '2019-03-19 12:29:27'),
	(33, 17, 72, 46, '', '2019-03-19 13:29:16', '2019-03-19 13:29:16'),
	(34, 18, 73, 211, '', '2019-03-19 13:44:22', '2019-03-19 13:44:22'),
	(35, 19, 74, 309, '', '2019-03-19 13:45:53', '2019-03-19 13:45:53'),
	(36, 20, 7, 280, '', '2019-03-19 14:06:28', '2019-03-19 14:06:28'),
	(37, 20, 1, 220, '', '2019-03-19 14:06:28', '2019-03-19 14:06:28'),
	(38, 21, 1, 280, '', '2019-03-19 14:14:58', '2019-03-19 14:14:58'),
	(39, 21, 7, 220, '', '2019-03-19 14:14:58', '2019-03-19 14:14:58'),
	(41, 23, 5, 6, '', '2019-03-19 14:19:39', '2019-03-19 14:19:39'),
	(42, 24, 5, 11, '', '2019-03-19 14:20:40', '2019-03-19 14:20:40'),
	(43, 24, 4, 2, '', '2019-03-19 14:20:40', '2019-03-19 14:20:40'),
	(44, 25, 68, 7, '', '2019-03-19 14:36:58', '2019-03-19 14:36:58'),
	(45, 25, 54, 7, '', '2019-03-19 14:36:58', '2019-03-19 14:36:58'),
	(46, 26, 75, 40, '', '2019-03-19 15:11:01', '2019-03-19 15:11:01'),
	(47, 27, 6, 20, '', '2019-03-26 10:53:54', '2019-03-26 10:53:54'),
	(48, 28, 59, 10, '', '2019-03-26 11:07:15', '2019-03-26 11:07:15'),
	(49, 29, 60, 25, '', '2019-03-26 11:24:21', '2019-03-26 11:24:21'),
	(50, 30, 60, 25, '', '2019-03-26 11:29:52', '2019-03-26 11:29:52'),
	(51, 30, 70, 5, '', '2019-03-26 11:29:52', '2019-03-26 11:29:52'),
	(52, 30, 77, 10, '', '2019-03-26 11:29:52', '2019-03-26 11:29:52'),
	(53, 30, 78, 5, '', '2019-03-26 11:29:52', '2019-03-26 11:29:52'),
	(54, 31, 55, 10, '', '2019-03-26 11:34:36', '2019-03-26 11:34:36'),
	(59, 33, 80, 353, '', '2019-03-29 12:50:55', '2019-03-29 12:50:55'),
	(60, 34, 62, 77, '', '2019-03-29 12:52:04', '2019-03-29 12:52:04'),
	(61, 35, 81, 20, '', '2019-03-29 13:07:46', '2019-03-29 13:07:46'),
	(62, 35, 82, 127, '', '2019-03-29 13:07:46', '2019-03-29 13:07:46'),
	(63, 35, 83, 128, '', '2019-03-29 13:07:46', '2019-03-29 14:19:57'),
	(64, 36, 7, 500, '', '2019-03-29 13:14:07', '2019-03-29 13:14:07'),
	(65, 37, 1, 500, '', '2019-03-29 13:50:35', '2019-03-29 13:50:35'),
	(66, 38, 75, 35, '', '2019-03-30 10:04:55', '2019-03-30 10:04:55'),
	(67, 39, 8, 227, '', '2019-04-02 11:26:56', '2019-04-02 11:26:56'),
	(68, 40, 85, 4, '', '2019-04-02 15:19:29', '2019-04-02 15:19:29'),
	(69, 41, 87, 20, '', '2019-04-02 15:48:03', '2019-04-02 15:54:41'),
	(70, 41, 88, 20, '', '2019-04-02 15:48:03', '2019-04-02 15:54:48'),
	(71, 42, 89, 29, '', '2019-04-04 15:55:22', '2019-04-04 15:55:22'),
	(72, 42, 90, 24, '', '2019-04-04 15:55:22', '2019-04-04 15:55:22'),
	(73, 42, 77, 5, '', '2019-04-04 15:55:23', '2019-04-04 15:55:23'),
	(74, 43, 1, 500, '', '2019-04-05 10:57:28', '2019-04-05 10:57:28'),
	(75, 44, 75, 20, '', '2019-04-06 13:56:35', '2019-04-06 13:56:35'),
	(76, 44, 61, 40, '', '2019-04-06 13:56:35', '2019-04-06 13:56:35'),
	(77, 44, 91, 10, '', '2019-04-06 13:56:35', '2019-04-06 13:56:35'),
	(78, 45, 92, 6, '', '2019-04-06 14:02:14', '2019-04-06 14:02:14'),
	(79, 46, 62, 34, '', '2019-04-12 09:40:53', '2019-04-12 09:40:53'),
	(80, 46, 75, 33, '', '2019-04-12 09:40:53', '2019-04-12 09:40:53'),
	(81, 46, 60, 26, '', '2019-04-12 09:40:53', '2019-04-12 09:40:53'),
	(82, 46, 93, 12, '', '2019-04-12 09:40:53', '2019-04-12 09:40:53'),
	(83, 46, 94, 8, '', '2019-04-12 09:40:53', '2019-04-12 09:40:53'),
	(84, 47, 7, 500, '', '2019-04-12 09:43:45', '2019-04-12 09:43:45'),
	(85, 48, 58, 6, '', '2019-04-12 09:44:18', '2019-04-12 09:44:18'),
	(86, 49, 95, 131, '', '2019-04-12 09:49:16', '2019-04-12 09:49:16'),
	(87, 49, 96, 85, '', '2019-04-12 09:49:16', '2019-04-12 09:49:16'),
	(88, 49, 97, 85, '', '2019-04-12 09:49:16', '2019-04-12 09:49:16'),
	(89, 49, 98, 188, '', '2019-04-12 09:49:16', '2019-04-12 09:49:16'),
	(90, 50, 1, 500, '', '2019-04-16 15:03:59', '2019-04-16 15:03:59'),
	(91, 51, 62, 36, '', '2019-04-16 15:05:55', '2019-04-16 15:05:55'),
	(92, 52, 99, 17, '', '2019-04-16 15:10:25', '2019-04-16 15:10:25'),
	(93, 52, 100, 84, '', '2019-04-16 15:10:25', '2019-04-16 15:10:25'),
	(94, 52, 101, 125, '', '2019-04-16 15:10:25', '2019-04-16 15:10:25'),
	(95, 53, 88, 10, '', '2019-04-18 08:56:19', '2019-04-18 08:56:19'),
	(96, 53, 87, 10, '', '2019-04-18 08:56:19', '2019-04-18 08:56:19'),
	(97, 54, 62, 35, '', '2019-04-25 09:15:45', '2019-04-25 09:15:45'),
	(98, 55, 1, 94, '', '2019-04-25 09:37:34', '2019-04-25 09:37:34'),
	(99, 55, 7, 77, '', '2019-04-25 09:37:34', '2019-04-25 09:37:34'),
	(100, 55, 6, 6, '', '2019-04-25 09:37:34', '2019-04-25 09:37:34'),
	(101, 55, 102, 1, '', '2019-04-25 09:37:34', '2019-04-25 09:37:34'),
	(102, 56, 62, 35, '', '2019-04-25 09:40:09', '2019-04-25 09:40:09'),
	(103, 57, 62, 34, '', '2019-04-30 09:32:37', '2019-04-30 09:32:37'),
	(104, 58, 103, 448, 'Barang Dus Basah', '2019-04-30 09:36:13', '2019-04-30 09:36:13'),
	(105, 59, 104, 349, '', '2019-04-30 09:42:03', '2019-04-30 09:42:03'),
	(106, 60, 58, 6, '', '2019-05-02 08:53:00', '2019-05-02 08:53:00'),
	(107, 61, 105, 455, '', '2019-05-08 15:47:31', '2019-05-08 15:47:31'),
	(108, 61, 106, 158, '', '2019-05-08 15:47:32', '2019-05-08 15:47:32'),
	(109, 62, 107, 15, '', '2019-05-08 15:52:29', '2019-05-08 15:52:29'),
	(110, 62, 69, 15, '', '2019-05-08 15:52:29', '2019-05-08 15:52:29'),
	(111, 62, 109, 2, '', '2019-05-08 15:52:29', '2019-05-08 15:52:29'),
	(112, 62, 108, 10, '', '2019-05-08 15:52:29', '2019-05-08 15:52:29'),
	(113, 62, 62, 17, '', '2019-05-08 15:52:30', '2019-05-08 15:52:30'),
	(114, 63, 59, 3, '', '2019-05-27 11:08:17', '2019-05-27 11:08:17'),
	(115, 63, 58, 3, '', '2019-05-27 11:08:17', '2019-05-27 11:08:17'),
	(116, 64, 1, 200, '', '2019-05-27 11:10:33', '2019-05-27 11:10:33'),
	(117, 64, 7, 300, '', '2019-05-27 11:10:33', '2019-05-27 11:10:33'),
	(118, 64, 110, 1, '', '2019-05-27 11:10:33', '2019-05-27 11:10:33'),
	(120, 66, 111, 106, '', '2019-05-27 11:18:17', '2019-05-27 11:18:17'),
	(121, 67, 58, 3, '', '2019-05-27 11:19:00', '2019-05-27 11:19:00'),
	(122, 68, 112, 174, '', '2019-05-27 11:21:44', '2019-05-27 11:21:44'),
	(123, 68, 113, 344, '', '2019-05-27 11:21:45', '2019-05-27 11:21:45'),
	(124, 69, 1, 170, '', '2019-05-27 11:35:14', '2019-05-27 11:35:14'),
	(125, 69, 7, 330, '', '2019-05-27 11:35:14', '2019-05-27 11:35:14'),
	(126, 70, 114, 165, '', '2019-05-27 13:32:26', '2019-05-27 13:32:26'),
	(127, 71, 40, 80, '', '2019-05-27 13:35:21', '2019-05-27 13:35:21'),
	(128, 71, 41, 80, '', '2019-05-27 13:35:21', '2019-05-27 13:35:21'),
	(129, 71, 42, 260, '', '2019-05-27 13:35:21', '2019-05-27 13:35:21'),
	(130, 71, 35, 40, '', '2019-05-27 13:35:21', '2019-05-27 13:35:21'),
	(131, 71, 36, 40, '', '2019-05-27 13:35:21', '2019-05-27 13:35:21'),
	(132, 71, 37, 160, '', '2019-05-27 13:35:21', '2019-05-27 13:35:21'),
	(133, 72, 62, 27, '', '2019-05-27 13:37:11', '2019-05-27 13:37:11'),
	(134, 72, 75, 3, '', '2019-05-27 13:37:11', '2019-05-27 13:37:11'),
	(135, 73, 7, 500, '', '2019-05-27 13:45:03', '2019-05-27 13:45:03'),
	(136, 73, 1, 20, '', '2019-05-27 13:45:03', '2019-05-27 13:45:03'),
	(137, 74, 58, 6, '', '2019-05-27 13:46:59', '2019-05-27 13:46:59'),
	(138, 75, 7, 535, '', '2019-05-27 13:55:14', '2019-05-27 13:55:14'),
	(139, 76, 115, 65, '', '2019-05-28 15:48:34', '2019-05-28 15:48:34'),
	(140, 76, 116, 65, '', '2019-05-28 15:48:34', '2019-05-28 15:48:34'),
	(141, 77, 117, 3, '', '2019-07-03 21:00:55', '2019-07-03 21:00:55'),
	(142, 77, 118, 2, '', '2019-07-03 21:00:55', '2019-07-03 21:00:55'),
	(143, 77, 119, 2, '', '2019-07-03 21:00:55', '2019-07-03 21:00:55'),
	(144, 78, 120, 1, '', '2019-07-03 21:07:00', '2019-07-03 21:07:00'),
	(145, 78, 121, 1, '', '2019-07-03 21:07:00', '2019-07-03 21:07:00'),
	(146, 79, 122, 15, '', '2019-07-03 21:21:42', '2019-07-03 21:21:42'),
	(147, 79, 123, 15, '', '2019-07-03 21:21:42', '2019-07-03 21:21:42'),
	(148, 80, 58, 6, '', '2019-07-03 21:22:05', '2019-07-03 21:22:05'),
	(149, 81, 88, 10, '', '2019-07-03 21:29:45', '2019-07-03 21:29:45'),
	(150, 81, 87, 10, '', '2019-07-03 21:29:45', '2019-07-03 21:29:45'),
	(151, 82, 8, 80, '', '2019-07-03 21:32:18', '2019-07-03 21:32:18'),
	(152, 82, 1, 150, '', '2019-07-03 21:32:18', '2019-07-03 21:32:18'),
	(153, 83, 124, 13, '', '2019-07-03 21:37:20', '2019-07-03 21:37:20'),
	(154, 83, 125, 5, '', '2019-07-03 21:37:20', '2019-07-03 21:37:20'),
	(155, 84, 122, 35, '', '2019-07-03 21:38:02', '2019-07-03 21:38:02'),
	(156, 84, 123, 5, '', '2019-07-03 21:38:02', '2019-07-03 21:38:02'),
	(157, 85, 124, 25, '', '2019-07-03 21:42:07', '2019-07-03 21:42:07'),
	(158, 86, 125, 15, '', '2019-07-03 21:48:06', '2019-07-03 21:48:06'),
	(159, 86, 126, 15, '', '2019-07-03 21:48:06', '2019-07-03 21:48:06'),
	(160, 87, 127, 77, '', '2019-07-03 21:57:59', '2019-07-03 21:57:59'),
	(161, 87, 128, 215, '', '2019-07-03 21:57:59', '2019-07-03 21:57:59'),
	(162, 88, 123, 17, '', '2019-07-03 22:00:12', '2019-07-03 22:00:12'),
	(163, 88, 3, 3, '', '2019-07-03 22:00:12', '2019-07-03 22:00:12'),
	(164, 88, 1, 350, '', '2019-07-03 22:00:13', '2019-07-03 22:00:13'),
	(165, 89, 129, 16, '', '2019-07-03 22:06:42', '2019-07-03 22:06:42'),
	(166, 89, 130, 1, '', '2019-07-03 22:06:42', '2019-07-03 22:06:42'),
	(167, 89, 131, 24, '', '2019-07-03 22:06:42', '2019-07-03 22:06:42'),
	(168, 89, 132, 16, '', '2019-07-03 22:06:42', '2019-07-03 22:06:42'),
	(169, 89, 133, 1, '', '2019-07-03 22:06:42', '2019-07-03 22:06:42'),
	(170, 89, 134, 1, '', '2019-07-03 22:06:42', '2019-07-03 22:06:42'),
	(171, 89, 125, 7, '', '2019-07-03 22:06:42', '2019-07-03 22:06:42'),
	(172, 89, 124, 50, '', '2019-07-03 22:06:42', '2019-07-03 22:06:42'),
	(173, 90, 135, 525, '', '2019-07-04 07:21:10', '2019-07-04 07:21:10'),
	(174, 91, 3, 17, '', '2019-07-04 07:22:59', '2019-07-04 07:22:59'),
	(175, 91, 122, 11, '', '2019-07-04 07:22:59', '2019-07-04 07:22:59'),
	(176, 92, 124, 30, '', '2019-07-04 07:26:44', '2019-07-04 07:26:44'),
	(177, 92, 136, 6, '', '2019-07-04 07:26:44', '2019-07-04 07:26:44'),
	(178, 92, 137, 16, '', '2019-07-04 07:26:44', '2019-07-04 07:26:44'),
	(179, 92, 138, 16, '', '2019-07-04 07:26:44', '2019-07-04 07:26:44'),
	(180, 93, 139, 1, '', '2019-07-04 07:27:57', '2019-07-04 07:27:57'),
	(181, 93, 140, 8, '', '2019-07-04 07:27:57', '2019-07-04 07:27:57'),
	(182, 94, 141, 104, '', '2019-07-04 07:30:01', '2019-07-04 07:30:01'),
	(183, 94, 142, 104, '', '2019-07-04 07:30:01', '2019-07-04 07:30:01'),
	(184, 94, 143, 19, '', '2019-07-04 07:30:01', '2019-07-04 07:30:01'),
	(185, 94, 144, 19, '', '2019-07-04 07:30:01', '2019-07-04 07:30:01'),
	(186, 95, 8, 100, '', '2019-07-04 07:30:43', '2019-07-04 07:30:43'),
	(187, 95, 1, 400, '', '2019-07-04 07:30:43', '2019-07-04 07:30:43');
/*!40000 ALTER TABLE `bongkar_footer` ENABLE KEYS */;

-- Dumping structure for table warehouse.bongkar_header
CREATE TABLE IF NOT EXISTS `bongkar_header` (
  `id` int(10) unsigned NOT NULL AUTO_INCREMENT,
  `client_id` int(10) unsigned NOT NULL,
  `droporder_id` varchar(191) COLLATE utf8mb4_unicode_ci NOT NULL DEFAULT '-',
  `truck_number` varchar(191) COLLATE utf8mb4_unicode_ci NOT NULL DEFAULT '-',
  `delivered_at` datetime NOT NULL,
  `created_at` timestamp NULL DEFAULT NULL,
  `updated_at` timestamp NULL DEFAULT NULL,
  PRIMARY KEY (`id`)
) ENGINE=InnoDB AUTO_INCREMENT=96 DEFAULT CHARSET=utf8mb4 COLLATE=utf8mb4_unicode_ci;

-- Dumping data for table warehouse.bongkar_header: ~93 rows (approximately)
/*!40000 ALTER TABLE `bongkar_header` DISABLE KEYS */;
REPLACE INTO `bongkar_header` (`id`, `client_id`, `droporder_id`, `truck_number`, `delivered_at`, `created_at`, `updated_at`) VALUES
	(1, 2, '1/011719', 'L 9004 NK', '2019-03-06 00:00:00', '2019-03-19 10:31:42', '2019-03-19 10:31:42'),
	(2, 2, '1/011619', 'L 8003 TK', '2019-03-04 00:00:00', '2019-03-19 10:31:42', '2019-03-19 10:31:42'),
	(3, 2, '1/013319', 'L 8003 TK', '2019-03-04 00:00:00', '2019-03-19 10:31:42', '2019-03-19 10:31:42'),
	(4, 7, '01/03/2019', 'L 9674 UI', '2019-03-01 00:00:00', '2019-03-19 10:31:42', '2019-03-19 10:31:42'),
	(5, 11, 'S0017/3/19', 'N 8526 VC', '2019-03-09 00:00:00', '2019-03-19 10:31:42', '2019-03-19 10:31:42'),
	(6, 1, '87/2019', '-', '2019-03-05 00:00:00', '2019-03-19 10:31:42', '2019-03-19 10:31:42'),
	(8, 7, '03/03/2019', 'L 9816 UW SULINDAFIN', '2019-03-13 00:00:00', '2019-03-19 11:00:00', '2019-03-19 11:00:00'),
	(9, 7, '02/03/2019', 'L 9816 UU SULINDAFIN', '2019-03-13 00:00:00', '2019-03-19 11:02:15', '2019-03-19 11:02:15'),
	(10, 2, '1/015919,017119,016019', 'M 8061 UL', '2019-03-14 00:00:00', '2019-03-19 11:18:52', '2019-03-19 11:18:52'),
	(11, 11, 'B0109/3/19', 'SEMARANG', '2019-03-14 00:00:00', '2019-03-19 11:26:27', '2019-03-19 11:26:27'),
	(12, 6, '930/03/2019', 'AG 83661 UB PATIMURA', '2019-03-16 00:00:00', '2019-03-19 12:02:05', '2019-03-19 12:02:05'),
	(13, 2, '1/017119', 'M 8061 UL', '2019-03-15 00:00:00', '2019-03-19 12:12:02', '2019-03-19 12:12:02'),
	(14, 2, '1/017319', 'M 8061 UL', '2019-03-15 00:00:00', '2019-03-19 12:13:02', '2019-03-19 12:13:02'),
	(15, 2, '1/015919, 1/018319, 1/019219', 'M 8061 UL', '2019-03-15 00:00:00', '2019-03-19 12:15:49', '2019-03-19 12:15:49'),
	(16, 5, '000145', 'L 8780 US', '2019-03-15 00:00:00', '2019-03-19 12:29:27', '2019-03-19 12:29:27'),
	(17, 7, '04/03/2019', 'K 1855 GK', '2019-03-15 00:00:00', '2019-03-19 13:29:16', '2019-03-19 13:29:16'),
	(18, 7, '05/03/2019', 'L 9725 UU', '2019-03-15 00:00:00', '2019-03-19 13:44:22', '2019-03-19 13:44:22'),
	(19, 7, '06/03/2019', 'L 9725 UU', '2019-03-15 00:00:00', '2019-03-19 13:45:53', '2019-03-19 13:45:53'),
	(20, 2, '-', 'S 8461 UX', '2019-03-16 00:00:00', '2019-03-19 14:06:28', '2019-03-19 14:06:28'),
	(21, 2, '13/03/2019', 'S 8461 UX', '2019-03-13 00:00:00', '2019-03-19 14:14:58', '2019-03-19 14:14:58'),
	(23, 2, '1/017319', 'L 9813 VM', '2019-03-18 00:00:00', '2019-03-19 14:19:39', '2019-03-19 14:19:39'),
	(24, 2, '1/019319', 'L 9813 VM', '2019-03-18 00:00:00', '2019-03-19 14:20:40', '2019-03-19 14:20:40'),
	(25, 11, 'B0156/3/19', '-', '2019-03-19 00:00:00', '2019-03-19 14:36:58', '2019-03-19 14:36:58'),
	(26, 6, 'DO1931607', 'N 8367 UA', '2019-03-18 00:00:00', '2019-03-19 15:11:01', '2019-03-19 15:11:01'),
	(27, 2, '1/022019', 'L 8071 SM', '2019-03-25 00:00:00', '2019-03-26 10:53:54', '2019-03-26 10:53:54'),
	(28, 1, '88/2019', '-', '2019-03-22 00:00:00', '2019-03-26 11:07:15', '2019-03-26 11:07:15'),
	(29, 6, '1410/03/2019', 'AG 8306 UB', '2019-03-26 00:00:00', '2019-03-26 11:24:21', '2019-03-26 11:24:21'),
	(30, 6, '1411/103/2019', 'AG 8306 UB', '2019-03-26 00:00:00', '2019-03-26 11:29:52', '2019-03-26 11:29:52'),
	(31, 11, 'S0317/3/19', '-', '2019-03-26 00:00:00', '2019-03-26 11:34:36', '2019-03-26 11:34:36'),
	(32, 6, '-', '-', '2019-03-26 00:00:00', '2019-03-29 12:46:33', '2019-03-29 12:46:33'),
	(33, 7, '-', '-', '2019-03-27 00:00:00', '2019-03-29 12:50:55', '2019-03-29 12:50:55'),
	(34, 6, '-', '-', '2019-03-27 00:00:00', '2019-03-29 12:52:04', '2019-03-29 12:52:04'),
	(35, 12, '-', '-', '2019-03-25 00:00:00', '2019-03-29 13:07:46', '2019-03-29 13:07:46'),
	(36, 2, '-', '-', '2019-03-28 00:00:00', '2019-03-29 13:14:07', '2019-03-29 13:14:07'),
	(37, 2, '-', '-', '2019-03-23 00:00:00', '2019-03-29 13:50:35', '2019-03-29 13:50:35'),
	(38, 6, '-', '-', '2019-03-29 00:00:00', '2019-03-30 10:04:55', '2019-03-30 10:04:55'),
	(39, 2, '-', '-', '2019-03-30 00:00:00', '2019-04-02 11:26:56', '2019-04-02 11:26:56'),
	(40, 13, '-', '-', '2019-03-01 00:00:00', '2019-04-02 15:19:29', '2019-04-02 15:19:29'),
	(41, 14, '-', '-', '2019-03-25 00:00:00', '2019-04-02 15:48:03', '2019-04-02 15:48:03'),
	(42, 6, '-', '-', '2019-04-01 00:00:00', '2019-04-04 15:55:22', '2019-04-04 15:55:22'),
	(43, 2, '-', '-', '2019-04-04 00:00:00', '2019-04-05 10:57:28', '2019-04-05 10:57:28'),
	(44, 6, '-', '-', '2019-04-05 00:00:00', '2019-04-06 13:56:35', '2019-04-06 13:56:35'),
	(45, 1, '-', '-', '2019-04-05 00:00:00', '2019-04-06 14:02:14', '2019-04-06 14:02:14'),
	(46, 6, '-', '-', '2019-04-09 00:00:00', '2019-04-12 09:40:53', '2019-04-12 09:40:53'),
	(47, 2, '-', '-', '2019-04-09 00:00:00', '2019-04-12 09:43:45', '2019-04-12 09:43:45'),
	(48, 1, '-', '-', '2019-04-09 00:00:00', '2019-04-12 09:44:18', '2019-04-12 09:44:18'),
	(49, 7, '-', '-', '2019-04-10 00:00:00', '2019-04-12 09:49:16', '2019-04-12 09:49:16'),
	(50, 2, '-', '-', '2019-04-12 00:00:00', '2019-04-16 15:03:59', '2019-04-16 15:03:59'),
	(51, 6, '-', '-', '2019-04-13 00:00:00', '2019-04-16 15:05:55', '2019-04-16 15:05:55'),
	(52, 7, '-', '-', '2019-04-15 00:00:00', '2019-04-16 15:10:25', '2019-04-16 15:10:25'),
	(53, 14, '-', '-', '2019-04-16 00:00:00', '2019-04-18 08:56:19', '2019-04-18 08:56:19'),
	(54, 6, '-', '-', '2019-04-20 00:00:00', '2019-04-25 09:15:45', '2019-04-25 09:15:45'),
	(55, 2, '-', '-', '2019-04-23 00:00:00', '2019-04-25 09:37:34', '2019-04-25 09:37:34'),
	(56, 6, '-', '-', '2019-04-24 00:00:00', '2019-04-25 09:40:09', '2019-04-25 09:40:09'),
	(57, 6, '-', '-', '2019-04-25 00:00:00', '2019-04-30 09:32:36', '2019-04-30 09:32:36'),
	(58, 7, '-', '-', '2019-04-26 00:00:00', '2019-04-30 09:36:13', '2019-04-30 09:36:13'),
	(59, 7, '-', '-', '2019-04-29 00:00:00', '2019-04-30 09:42:03', '2019-04-30 09:42:03'),
	(60, 1, '-', '-', '2019-04-30 00:00:00', '2019-05-02 08:53:00', '2019-05-02 08:53:00'),
	(61, 7, '-', '-', '2019-05-02 00:00:00', '2019-05-08 15:47:31', '2019-05-08 15:47:31'),
	(62, 6, '-', '-', '2019-05-02 00:00:00', '2019-05-08 15:52:29', '2019-05-08 15:52:29'),
	(63, 1, '-', '-', '2019-05-03 00:00:00', '2019-05-27 11:08:17', '2019-05-27 11:08:17'),
	(64, 2, '-', '-', '2019-05-04 00:00:00', '2019-05-27 11:10:33', '2019-05-27 11:10:33'),
	(65, 1, '50.05.2019', '-', '2019-05-04 00:00:00', '2019-05-27 11:10:59', '2019-05-27 11:10:59'),
	(66, 7, '-', '-', '2019-05-07 00:00:00', '2019-05-27 11:18:17', '2019-05-27 11:18:17'),
	(67, 1, '-', '-', '2019-05-07 00:00:00', '2019-05-27 11:19:00', '2019-05-27 11:19:00'),
	(68, 7, '-', '-', '2019-05-08 00:00:00', '2019-05-27 11:21:44', '2019-05-27 11:21:44'),
	(69, 2, '-', '-', '2019-05-09 00:00:00', '2019-05-27 11:35:13', '2019-05-27 11:35:13'),
	(70, 7, '-', '-', '2019-05-13 00:00:00', '2019-05-27 13:32:26', '2019-05-27 13:32:26'),
	(71, 5, '-', '-', '2019-05-14 00:00:00', '2019-05-27 13:35:21', '2019-05-27 13:35:21'),
	(72, 6, '-', '-', '2019-05-14 00:00:00', '2019-05-27 13:37:10', '2019-05-27 13:37:10'),
	(73, 2, '-', '-', '2019-05-17 00:00:00', '2019-05-27 13:45:03', '2019-05-27 13:45:03'),
	(74, 1, '-', '-', '2019-05-18 00:00:00', '2019-05-27 13:46:59', '2019-05-27 13:46:59'),
	(75, 2, '-', '-', '2019-05-25 00:00:00', '2019-05-27 13:55:14', '2019-05-27 13:55:14'),
	(76, 12, '-', '-', '2019-05-27 00:00:00', '2019-05-28 15:48:34', '2019-05-28 15:48:34'),
	(77, 14, '-', '-', '2019-06-14 00:00:00', '2019-07-03 21:00:55', '2019-07-03 21:00:55'),
	(78, 14, '-', '-', '2019-06-15 00:00:00', '2019-07-03 21:07:00', '2019-07-03 21:07:00'),
	(79, 2, '-', '-', '2019-06-19 00:00:00', '2019-07-03 21:21:42', '2019-07-03 21:21:42'),
	(80, 1, '-', '-', '2019-06-19 00:00:00', '2019-07-03 21:22:05', '2019-07-03 21:22:05'),
	(81, 14, '-', '-', '2019-06-21 00:00:00', '2019-07-03 21:29:45', '2019-07-03 21:29:45'),
	(82, 2, '-', '-', '2019-06-22 00:00:00', '2019-07-03 21:32:18', '2019-07-03 21:32:18'),
	(83, 12, '-', '-', '2019-06-24 00:00:00', '2019-07-03 21:37:20', '2019-07-03 21:37:20'),
	(84, 2, '-', '-', '2019-06-24 00:00:00', '2019-07-03 21:38:02', '2019-07-03 21:38:02'),
	(85, 12, '-', '-', '2019-06-25 00:00:00', '2019-07-03 21:42:07', '2019-07-03 21:42:07'),
	(86, 16, '-', '-', '2019-06-26 00:00:00', '2019-07-03 21:48:06', '2019-07-03 21:48:06'),
	(87, 7, '-', '-', '2019-06-26 00:00:00', '2019-07-03 21:57:59', '2019-07-03 21:57:59'),
	(88, 2, '-', '-', '2019-06-27 00:00:00', '2019-07-03 22:00:12', '2019-07-03 22:00:12'),
	(89, 16, '-', '-', '2019-06-27 00:00:00', '2019-07-03 22:06:42', '2019-07-03 22:06:42'),
	(90, 7, '-', '-', '2019-06-28 00:00:00', '2019-07-04 07:21:10', '2019-07-04 07:21:10'),
	(91, 2, '-', '-', '2019-06-28 00:00:00', '2019-07-04 07:22:59', '2019-07-04 07:22:59'),
	(92, 16, '-', '-', '2019-06-28 00:00:00', '2019-07-04 07:26:44', '2019-07-04 07:26:44'),
	(93, 16, '-', '-', '2019-06-28 00:00:00', '2019-07-04 07:27:57', '2019-07-04 07:27:57'),
	(94, 16, '-', '-', '2019-06-28 00:00:00', '2019-07-04 07:30:01', '2019-07-04 07:30:01'),
	(95, 2, '-', '-', '2019-06-29 00:00:00', '2019-07-04 07:30:43', '2019-07-04 07:30:43');
/*!40000 ALTER TABLE `bongkar_header` ENABLE KEYS */;

-- Dumping structure for table warehouse.clients
CREATE TABLE IF NOT EXISTS `clients` (
  `id` int(10) unsigned NOT NULL AUTO_INCREMENT,
  `name` varchar(191) COLLATE utf8mb4_unicode_ci NOT NULL,
  `address` varchar(191) COLLATE utf8mb4_unicode_ci DEFAULT NULL,
  `phone1` varchar(191) COLLATE utf8mb4_unicode_ci NOT NULL,
  `phone2` varchar(191) COLLATE utf8mb4_unicode_ci DEFAULT NULL,
  `email` varchar(191) COLLATE utf8mb4_unicode_ci DEFAULT NULL,
  `created_at` timestamp NULL DEFAULT NULL,
  `updated_at` timestamp NULL DEFAULT NULL,
  `deleted_at` timestamp NULL DEFAULT NULL,
  PRIMARY KEY (`id`),
  UNIQUE KEY `clients_email_unique` (`email`)
) ENGINE=InnoDB AUTO_INCREMENT=17 DEFAULT CHARSET=utf8mb4 COLLATE=utf8mb4_unicode_ci;

-- Dumping data for table warehouse.clients: ~14 rows (approximately)
/*!40000 ALTER TABLE `clients` DISABLE KEYS */;
REPLACE INTO `clients` (`id`, `name`, `address`, `phone1`, `phone2`, `email`, `created_at`, `updated_at`, `deleted_at`) VALUES
	(1, 'Wijaya', 'Alamat Belum Terdaftar', 'Telepon Belum Terdaftar', '-', NULL, '2019-03-19 10:31:42', '2019-03-19 10:31:42', NULL),
	(2, 'Rizky / Rachmat Santoso', 'Alamat Belum Terdaftar', 'Telepon Belum Terdaftar', '-', NULL, '2019-03-19 10:31:42', '2019-03-19 10:31:42', NULL),
	(3, 'Madu', 'Alamat Belum Terdaftar', 'Telepon Belum Terdaftar', '-', NULL, '2019-03-19 10:31:42', '2019-03-19 10:31:42', NULL),
	(4, 'Koh Ming/ CV. Morodadi', 'Alamat Belum Terdaftar', 'Telepon Belum Terdaftar', '-', NULL, '2019-03-19 10:31:42', '2019-03-19 10:31:42', NULL),
	(5, 'Jiwen', 'Alamat Belum Terdaftar', 'Telepon Belum Terdaftar', '-', NULL, '2019-03-19 10:31:42', '2019-03-19 10:31:42', NULL),
	(6, 'Indrawati / Pak Wahono', 'Alamat Belum Terdaftar', 'Telepon Belum Terdaftar', '-', NULL, '2019-03-19 10:31:42', '2019-03-19 10:31:42', NULL),
	(7, 'Iwan / UD. Bintang Mulia', 'Alamat Belum Terdaftar', 'Telepon Belum Terdaftar', '-', NULL, '2019-03-19 10:31:42', '2019-03-19 10:31:42', NULL),
	(8, 'Grandy', 'Alamat Belum Terdaftar', 'Telepon Belum Terdaftar', '-', NULL, '2019-03-19 10:31:42', '2019-03-19 10:31:42', NULL),
	(10, 'Novi / Huawei', 'Huawei', 'Telepon Belum Terdaftar', '-', NULL, '2019-03-19 10:31:42', '2019-03-19 10:31:42', NULL),
	(11, 'Sinar Abadi Printing', 'Alamat Belum Terdaftar', 'Telepon Belum Terdaftar', '-', NULL, '2019-03-19 10:31:42', '2019-03-19 10:31:42', NULL),
	(12, 'CV. Gading Asia SBY', 'Alamat Belum Terdaftar', 'Telepon Belum Terdaftar', '-', NULL, '2019-03-19 10:31:42', '2019-03-19 10:31:42', NULL),
	(13, 'Blue Ocean Heart', 'Vivo', '', NULL, NULL, '2019-03-25 10:05:16', '2019-03-25 10:05:17', NULL),
	(14, 'Terus Lancar / Jiang', 'Jiang', '', NULL, NULL, '2019-04-02 15:39:21', '2019-04-02 15:39:22', NULL),
	(16, 'Nama Belum Terdaftar', 'Alamat Belum Terdaftar', 'Telepon Belum Terdaftar', NULL, NULL, '2019-07-03 21:44:58', '2019-07-03 21:44:58', NULL);
/*!40000 ALTER TABLE `clients` ENABLE KEYS */;

-- Dumping structure for table warehouse.itemlogs
CREATE TABLE IF NOT EXISTS `itemlogs` (
  `id` int(10) unsigned NOT NULL AUTO_INCREMENT,
  `item_id` int(10) unsigned NOT NULL,
  `ref_table_name` varchar(191) COLLATE utf8mb4_unicode_ci NOT NULL,
  `ref_id` int(10) unsigned NOT NULL,
  `qty` int(11) DEFAULT '0',
  `note` varchar(191) COLLATE utf8mb4_unicode_ci DEFAULT NULL,
  `type` varchar(191) COLLATE utf8mb4_unicode_ci NOT NULL DEFAULT 'addition',
  `created_at` timestamp NULL DEFAULT NULL,
  `updated_at` timestamp NULL DEFAULT NULL,
  `deleted_at` timestamp NULL DEFAULT NULL,
  PRIMARY KEY (`id`)
) ENGINE=InnoDB AUTO_INCREMENT=698 DEFAULT CHARSET=utf8mb4 COLLATE=utf8mb4_unicode_ci;

-- Dumping data for table warehouse.itemlogs: ~683 rows (approximately)
/*!40000 ALTER TABLE `itemlogs` DISABLE KEYS */;
REPLACE INTO `itemlogs` (`id`, `item_id`, `ref_table_name`, `ref_id`, `qty`, `note`, `type`, `created_at`, `updated_at`, `deleted_at`) VALUES
	(1, 5, 'Muat_footer', 1, 7, 'muat', 'subtraction', '2019-03-08 00:00:00', '2019-03-19 10:31:42', NULL),
	(2, 3, 'Muat_footer', 2, 3, 'muat', 'subtraction', '2019-03-01 00:00:00', '2019-03-19 10:31:42', NULL),
	(3, 1, 'Muat_footer', 3, 75, 'muat', 'subtraction', '2019-03-01 00:00:00', '2019-03-19 10:31:42', NULL),
	(4, 2, 'Bongkar_footer', 1, 15, 'bongkar', 'addition', '2019-03-06 00:00:00', '2019-03-19 10:31:42', NULL),
	(5, 5, 'Bongkar_footer', 2, 13, 'bongkar', 'addition', '2019-03-06 00:00:00', '2019-03-19 10:31:42', NULL),
	(6, 3, 'Bongkar_footer', 3, 4, 'bongkar', 'addition', '2019-03-04 00:00:00', '2019-03-19 10:31:42', NULL),
	(7, 6, 'Bongkar_footer', 4, 8, 'bongkar', 'addition', '2019-03-04 00:00:00', '2019-03-19 10:31:42', NULL),
	(8, 1, 'Muat_footer', 4, 100, 'muat', 'subtraction', '2019-03-02 00:00:00', '2019-03-19 10:31:42', NULL),
	(9, 6, 'Muat_footer', 5, 2, 'muat', 'subtraction', '2019-03-04 00:00:00', '2019-03-19 10:31:42', NULL),
	(10, 1, 'Muat_footer', 6, 28, 'muat', 'subtraction', '2019-03-04 00:00:00', '2019-03-19 10:31:42', NULL),
	(11, 7, 'Muat_footer', 7, 10, 'muat', 'subtraction', '2019-03-04 00:00:00', '2019-03-19 10:31:42', NULL),
	(12, 8, 'Muat_footer', 8, 20, 'muat', 'subtraction', '2019-03-04 00:00:00', '2019-03-19 10:31:42', NULL),
	(13, 3, 'Muat_footer', 9, 1, 'muat', 'subtraction', '2019-03-05 00:00:00', '2019-03-19 10:31:42', NULL),
	(14, 7, 'Muat_footer', 10, 50, 'muat', 'subtraction', '2019-03-05 00:00:00', '2019-03-19 10:31:42', NULL),
	(15, 1, 'Muat_footer', 11, 40, 'muat', 'subtraction', '2019-03-05 00:00:00', '2019-03-19 10:31:42', NULL),
	(16, 7, 'Muat_footer', 12, 10, 'muat', 'subtraction', '2019-03-06 00:00:00', '2019-03-19 10:31:42', NULL),
	(17, 8, 'Muat_footer', 13, 10, 'muat', 'subtraction', '2019-03-05 00:00:00', '2019-03-19 10:31:42', NULL),
	(18, 2, 'Muat_footer', 14, 1, 'muat', 'subtraction', '2019-03-06 00:00:00', '2019-03-19 10:31:42', NULL),
	(19, 5, 'Muat_footer', 15, 3, 'muat', 'subtraction', '2019-03-06 00:00:00', '2019-03-19 10:31:42', NULL),
	(20, 6, 'Muat_footer', 16, 2, 'muat', 'subtraction', '2019-03-06 00:00:00', '2019-03-19 10:31:42', NULL),
	(21, 6, 'Muat_footer', 17, 4, 'muat', 'subtraction', '2019-03-02 00:00:00', '2019-03-19 10:31:42', NULL),
	(22, 21, 'Bongkar_footer', 5, 164, 'bongkar', 'addition', '2019-03-01 00:00:00', '2019-03-19 10:31:42', NULL),
	(23, 24, 'Muat_footer', 18, 70, 'muat', 'subtraction', '2019-03-01 00:00:00', '2019-03-19 10:31:42', NULL),
	(24, 28, 'Muat_footer', 19, 60, 'muat', 'subtraction', '2019-03-05 00:00:00', '2019-03-19 10:31:42', NULL),
	(25, 10, 'Muat_footer', 20, 100, 'muat', 'subtraction', '2019-03-08 00:00:00', '2019-03-19 10:31:42', NULL),
	(26, 29, 'Muat_footer', 21, 5, 'muat', 'subtraction', '2019-03-08 00:00:00', '2019-03-19 10:31:42', NULL),
	(27, 34, 'Muat_footer', 22, 60, 'muat', 'subtraction', '2019-03-09 00:00:00', '2019-03-19 10:31:42', NULL),
	(28, 53, 'Muat_footer', 23, 50, 'muat', 'subtraction', '2019-03-02 00:00:00', '2019-03-19 10:31:42', NULL),
	(29, 55, 'Bongkar_footer', 6, 14, 'bongkar', 'addition', '2019-03-09 00:00:00', '2019-03-19 10:31:42', NULL),
	(30, 54, 'Muat_footer', 24, 3, 'muat', 'subtraction', '2019-03-02 00:00:00', '2019-03-19 10:31:42', NULL),
	(31, 57, 'Muat_footer', 25, 25, 'muat', 'subtraction', '2019-03-05 00:00:00', '2019-03-19 10:31:42', NULL),
	(32, 56, 'Muat_footer', 26, 23, 'muat', 'subtraction', '2019-03-05 00:00:00', '2019-03-19 10:31:42', NULL),
	(33, 58, 'Bongkar_footer', 7, 6, 'bongkar', 'addition', '2019-03-05 00:00:00', '2019-03-19 10:31:42', NULL),
	(34, 62, 'Muat_footer', 27, 14, 'muat', 'subtraction', '2019-03-01 00:00:00', '2019-03-19 10:31:42', NULL),
	(35, 60, 'Muat_footer', 28, 7, 'muat', 'subtraction', '2019-03-02 00:00:00', '2019-03-19 10:31:42', NULL),
	(36, 63, 'Muat_footer', 29, 7, 'muat', 'subtraction', '2019-03-02 00:00:00', '2019-03-19 10:31:42', NULL),
	(37, 61, 'Muat_footer', 30, 6, 'muat', 'subtraction', '2019-03-05 00:00:00', '2019-03-19 10:31:42', NULL),
	(38, 60, 'Muat_footer', 31, 2, 'muat', 'subtraction', '2019-03-05 00:00:00', '2019-03-19 10:31:42', NULL),
	(39, 61, 'Muat_footer', 32, 10, 'muat', 'subtraction', '2019-03-06 00:00:00', '2019-03-19 10:31:42', NULL),
	(41, 65, 'Muat_footer', 33, 2, 'muat', 'subtraction', '2019-03-11 00:00:00', '2019-03-19 10:32:55', NULL),
	(42, 64, 'Muat_footer', 34, 6, 'muat', 'subtraction', '2019-03-11 00:00:00', '2019-03-19 10:32:55', NULL),
	(43, 62, 'Muat_footer', 35, 10, 'muat', 'subtraction', '2019-03-11 00:00:00', '2019-03-19 10:37:47', NULL),
	(44, 37, 'Muat_footer', 36, 40, 'muat', 'subtraction', '2019-03-11 00:00:00', '2019-03-19 10:39:29', NULL),
	(45, 42, 'Muat_footer', 37, 40, 'muat', 'subtraction', '2019-03-11 00:00:00', '2019-03-19 10:39:29', NULL),
	(46, 8, 'Muat_footer', 38, 75, 'muat', 'subtraction', '2019-03-11 00:00:00', '2019-03-19 10:41:15', NULL),
	(47, 41, 'Muat_footer', 39, 20, 'muat', 'subtraction', '2019-03-12 00:00:00', '2019-03-19 10:43:02', NULL),
	(48, 1, 'Muat_footer', 40, 50, 'muat', 'subtraction', '2019-03-12 00:00:00', '2019-03-19 10:44:36', NULL),
	(49, 7, 'Muat_footer', 41, 50, 'muat', 'subtraction', '2019-03-12 00:00:00', '2019-03-19 10:44:36', NULL),
	(50, 8, 'Muat_footer', 42, 15, 'muat', 'subtraction', '2019-03-12 00:00:00', '2019-03-19 10:46:22', NULL),
	(51, 5, 'Muat_footer', 43, 3, 'muat', 'subtraction', '2019-03-12 00:00:00', '2019-03-19 10:46:22', NULL),
	(52, 57, 'Muat_footer', 44, 2, 'muat', 'subtraction', '2019-03-13 00:00:00', '2019-03-19 10:49:33', NULL),
	(53, 26, 'Muat_footer', 45, 98, 'muat', 'subtraction', '2019-03-13 00:00:00', '2019-03-19 10:51:11', NULL),
	(54, 8, 'Muat_footer', 46, 15, 'muat', 'subtraction', '2019-03-13 00:00:00', '2019-03-19 10:54:03', NULL),
	(55, 1, 'Muat_footer', 47, 2, 'muat', 'subtraction', '2019-03-13 00:00:00', '2019-03-19 10:54:03', NULL),
	(56, 7, 'Muat_footer', 48, 7, 'muat', 'subtraction', '2019-03-13 00:00:00', '2019-03-19 10:54:03', NULL),
	(57, 6, 'Muat_footer', 49, 3, 'muat', 'subtraction', '2019-03-13 00:00:00', '2019-03-19 10:54:03', NULL),
	(58, 3, 'Muat_footer', 50, 2, 'muat', 'subtraction', '2019-03-13 00:00:00', '2019-03-19 10:54:03', NULL),
	(59, 1, 'Muat_footer', 51, 35, 'muat', 'subtraction', '2019-03-13 00:00:00', '2019-03-19 10:56:40', NULL),
	(60, 7, 'Muat_footer', 52, 25, 'muat', 'subtraction', '2019-03-13 00:00:00', '2019-03-19 10:56:40', NULL),
	(61, 3, 'Muat_footer', 53, 1, 'muat', 'subtraction', '2019-03-13 00:00:00', '2019-03-19 10:56:40', NULL),
	(62, 66, 'Bongkar_footer', 9, 90, 'bongkar', 'addition', '2019-03-13 00:00:00', '2019-03-19 11:00:00', NULL),
	(63, 67, 'Bongkar_footer', 10, 168, 'bongkar', 'addition', '2019-03-13 00:00:00', '2019-03-19 11:02:15', NULL),
	(64, 55, 'Muat_footer', 54, 4, 'muat', 'subtraction', '2019-03-13 00:00:00', '2019-03-19 11:06:10', NULL),
	(65, 55, 'Muat_footer', 55, 4, 'muat', 'subtraction', '2019-03-13 00:00:00', '2019-03-19 11:10:03', NULL),
	(66, 3, 'Bongkar_footer', 11, 15, 'bongkar', 'addition', '2019-03-13 00:00:00', '2019-03-19 11:18:52', NULL),
	(67, 4, 'Bongkar_footer', 12, 10, 'bongkar', 'addition', '2019-03-14 00:00:00', '2019-03-19 11:18:52', NULL),
	(68, 4, 'Bongkar_footer', 13, 15, 'bongkar', 'addition', '2019-03-14 00:00:00', '2019-03-19 11:18:52', NULL),
	(69, 32, 'Muat_footer', 56, 78, 'muat', 'subtraction', '2019-03-13 00:00:00', '2019-03-19 11:20:22', NULL),
	(70, 44, 'Muat_footer', 57, 8, 'muat', 'subtraction', '2019-03-14 00:00:00', '2019-03-22 10:39:13', NULL),
	(71, 10, 'Muat_footer', 58, 51, 'muat', 'subtraction', '2019-03-14 00:00:00', '2019-03-19 11:23:38', NULL),
	(72, 54, 'Bongkar_footer', 14, 7, 'bongkar', 'addition', '2019-03-13 00:00:00', '2019-03-19 11:26:27', NULL),
	(73, 68, 'Bongkar_footer', 15, 7, 'bongkar', 'addition', '2019-03-13 00:00:00', '2019-03-19 11:26:27', NULL),
	(74, 1, 'Muat_footer', 59, 10, 'muat', 'subtraction', '2019-03-14 00:00:00', '2019-03-19 11:31:08', NULL),
	(75, 7, 'Muat_footer', 60, 10, 'muat', 'subtraction', '2019-03-14 00:00:00', '2019-03-19 11:31:08', NULL),
	(76, 8, 'Muat_footer', 61, 40, 'muat', 'subtraction', '2019-03-14 00:00:00', '2019-03-19 11:31:08', NULL),
	(77, 4, 'Muat_footer', 62, 4, 'muat', 'subtraction', '2019-03-14 00:00:00', '2019-03-19 11:31:08', NULL),
	(78, 1, 'Muat_footer', 63, 80, 'muat', 'subtraction', '2019-03-14 00:00:00', '2019-03-19 11:32:34', NULL),
	(79, 65, 'Muat_footer', 64, 8, 'muat', 'subtraction', '2019-03-14 00:00:00', '2019-03-19 11:35:52', NULL),
	(80, 37, 'Muat_footer', 65, 40, 'muat', 'subtraction', '2019-03-14 00:00:00', '2019-03-19 11:37:43', NULL),
	(81, 60, 'Bongkar_footer', 16, 32, 'bongkar', 'addition', '2019-03-16 00:00:00', '2019-03-19 12:02:05', NULL),
	(82, 69, 'Bongkar_footer', 17, 7, 'bongkar', 'addition', '2019-03-16 00:00:00', '2019-03-19 12:02:05', NULL),
	(83, 70, 'Bongkar_footer', 18, 5, 'bongkar', 'addition', '2019-03-16 00:00:00', '2019-03-19 12:02:05', NULL),
	(84, 71, 'Bongkar_footer', 19, 2, 'bongkar', 'addition', '2019-03-16 00:00:00', '2019-03-19 12:02:05', NULL),
	(85, 63, 'Bongkar_footer', 20, 10, 'bongkar', 'addition', '2019-03-16 00:00:00', '2019-03-19 12:02:05', NULL),
	(86, 20, 'Muat_footer', 66, 57, 'muat', 'subtraction', '2019-03-14 00:00:00', '2019-03-19 12:04:23', NULL),
	(87, 6, 'Bongkar_footer', 21, 6, 'bongkar', 'addition', '2019-03-15 00:00:00', '2019-03-19 12:12:02', NULL),
	(88, 5, 'Bongkar_footer', 22, 9, 'bongkar', 'addition', '2019-03-15 00:00:00', '2019-03-19 12:13:02', NULL),
	(89, 3, 'Bongkar_footer', 23, 2, 'bongkar', 'addition', '2019-03-15 00:00:00', '2019-03-19 12:15:49', NULL),
	(90, 3, 'Bongkar_footer', 24, 15, 'bongkar', 'addition', '2019-03-15 00:00:00', '2019-03-19 12:15:49', NULL),
	(91, 3, 'Bongkar_footer', 25, 8, 'bongkar', 'addition', '2019-03-15 00:00:00', '2019-03-19 12:15:49', NULL),
	(92, 42, 'Bongkar_footer', 26, 160, 'bongkar', 'addition', '2019-03-14 00:00:00', '2019-03-19 12:29:27', NULL),
	(93, 42, 'Bongkar_footer', 27, 180, 'bongkar', 'addition', '2019-03-14 00:00:00', '2019-03-19 12:29:27', NULL),
	(94, 37, 'Bongkar_footer', 28, 200, 'bongkar', 'addition', '2019-03-14 00:00:00', '2019-03-19 12:29:27', NULL),
	(95, 35, 'Bongkar_footer', 29, 40, 'bongkar', 'addition', '2019-03-14 00:00:00', '2019-03-19 12:29:27', NULL),
	(96, 41, 'Bongkar_footer', 30, 20, 'bongkar', 'addition', '2019-03-14 00:00:00', '2019-03-19 12:29:27', NULL),
	(97, 38, 'Bongkar_footer', 31, 20, 'bongkar', 'addition', '2019-03-14 00:00:00', '2019-03-19 12:29:27', NULL),
	(98, 41, 'Bongkar_footer', 32, 40, 'bongkar', 'addition', '2019-03-14 00:00:00', '2019-03-19 12:29:27', NULL),
	(99, 72, 'Bongkar_footer', 33, 46, 'bongkar', 'addition', '2019-03-14 00:00:00', '2019-03-19 13:29:16', NULL),
	(100, 7, 'Muat_footer', 67, 50, 'muat', 'subtraction', '2019-03-15 00:00:00', '2019-03-19 13:35:29', NULL),
	(101, 1, 'Muat_footer', 68, 50, 'muat', 'subtraction', '2019-03-15 00:00:00', '2019-03-19 13:35:29', NULL),
	(102, 3, 'Muat_footer', 69, 2, 'muat', 'subtraction', '2019-03-15 00:00:00', '2019-03-19 13:35:29', NULL),
	(103, 14, 'Muat_footer', 70, 56, 'muat', 'subtraction', '2019-03-15 00:00:00', '2019-03-19 13:37:24', NULL),
	(104, 67, 'Muat_footer', 71, 168, 'muat', 'subtraction', '2019-03-15 00:00:00', '2019-03-19 13:40:09', NULL),
	(105, 64, 'Muat_footer', 72, 7, 'muat', 'subtraction', '2019-03-15 00:00:00', '2019-03-19 13:42:10', NULL),
	(106, 73, 'Bongkar_footer', 34, 211, 'bongkar', 'addition', '2019-03-15 00:00:00', '2019-03-19 13:44:22', NULL),
	(107, 74, 'Bongkar_footer', 35, 309, 'bongkar', 'addition', '2019-03-15 00:00:00', '2019-03-19 13:45:53', NULL),
	(108, 45, 'Muat_footer', 73, 120, 'muat', 'subtraction', '2019-03-15 00:00:00', '2019-03-19 13:48:46', NULL),
	(109, 35, 'Muat_footer', 74, 20, 'muat', 'subtraction', '2019-03-15 00:00:00', '2019-03-19 13:51:02', NULL),
	(110, 44, 'Muat_footer', 75, 25, 'muat', 'subtraction', '2019-03-15 00:00:00', '2019-03-19 13:51:02', NULL),
	(111, 74, 'Muat_footer', 76, 100, 'muat', 'subtraction', '2019-03-16 00:00:00', '2019-03-19 13:52:04', NULL),
	(112, 60, 'Muat_footer', 77, 15, 'muat', 'subtraction', '2019-03-16 00:00:00', '2019-03-19 13:53:17', NULL),
	(113, 4, 'Muat_footer', 78, 3, 'muat', 'subtraction', '2019-03-16 00:00:00', '2019-03-19 13:55:18', NULL),
	(114, 6, 'Muat_footer', 79, 3, 'muat', 'subtraction', '2019-03-16 00:00:00', '2019-03-19 13:55:18', NULL),
	(115, 6, 'Muat_footer', 80, 1, 'muat', 'subtraction', '2019-03-16 00:00:00', '2019-03-19 13:55:18', NULL),
	(116, 69, 'Muat_footer', 81, 7, 'muat', 'subtraction', '2019-03-16 00:00:00', '2019-03-19 13:57:01', NULL),
	(117, 60, 'Muat_footer', 82, 2, 'muat', 'subtraction', '2019-03-16 00:00:00', '2019-03-19 13:57:01', NULL),
	(118, 60, 'Muat_footer', 83, 4, 'muat', 'subtraction', '2019-03-16 00:00:00', '2019-03-19 13:58:06', NULL),
	(119, 7, 'Bongkar_footer', 36, 280, 'bongkar', 'addition', '2019-03-16 00:00:00', '2019-03-19 14:06:28', NULL),
	(120, 1, 'Bongkar_footer', 37, 220, 'bongkar', 'addition', '2019-03-16 00:00:00', '2019-03-19 14:06:28', NULL),
	(121, 1, 'Bongkar_footer', 38, 280, 'bongkar', 'addition', '2019-03-13 00:00:00', '2019-03-19 14:14:58', NULL),
	(122, 7, 'Bongkar_footer', 39, 220, 'bongkar', 'addition', '2019-03-13 00:00:00', '2019-03-19 14:14:58', NULL),
	(124, 5, 'Bongkar_footer', 41, 6, 'bongkar', 'addition', '2019-03-18 00:00:00', '2019-03-19 14:19:39', NULL),
	(125, 5, 'Bongkar_footer', 42, 11, 'bongkar', 'addition', '2019-03-18 00:00:00', '2019-03-19 14:20:40', NULL),
	(126, 4, 'Bongkar_footer', 43, 2, 'bongkar', 'addition', '2019-03-18 00:00:00', '2019-03-19 14:20:40', NULL),
	(127, 73, 'Muat_footer', 84, 105, 'muat', 'subtraction', '2019-03-18 00:00:00', '2019-03-19 14:21:41', NULL),
	(128, 75, 'Bongkar_footer', 46, 40, 'bongkar', 'addition', '2019-03-18 00:00:00', '2019-03-19 15:11:01', NULL),
	(129, 68, 'Bongkar_footer', 44, 7, 'bongkar', 'addition', '2019-03-19 00:00:00', '2019-03-19 14:36:58', NULL),
	(130, 54, 'Bongkar_footer', 45, 7, 'bongkar', 'addition', '2019-03-19 00:00:00', '2019-03-19 14:36:58', NULL),
	(131, 28, 'Muat_footer', 86, 65, 'muat', 'subtraction', '2019-03-19 00:00:00', '2019-03-19 14:38:11', NULL),
	(132, 75, 'Muat_footer', 85, 18, 'muat', 'subtraction', '2019-03-18 00:00:00', '2019-03-19 14:23:57', NULL),
	(133, 2, 'Muat_footer', 88, 1, 'muat', 'subtraction', '2019-03-19 00:00:00', '2019-03-19 14:53:28', NULL),
	(134, 1, 'Muat_footer', 89, 40, 'muat', 'subtraction', '2019-03-19 00:00:00', '2019-03-19 14:53:28', NULL),
	(135, 1, 'Muat_footer', 90, 4, 'muat', 'subtraction', '2019-03-19 00:00:00', '2019-03-19 14:53:28', NULL),
	(136, 7, 'Muat_footer', 91, 3, 'muat', 'subtraction', '2019-03-19 00:00:00', '2019-03-19 14:53:28', NULL),
	(137, 3, 'Muat_footer', 92, 1, 'muat', 'subtraction', '2019-03-19 00:00:00', '2019-03-19 14:53:28', NULL),
	(138, 6, 'Muat_footer', 93, 6, 'muat', 'subtraction', '2019-03-19 00:00:00', '2019-03-19 14:56:12', NULL),
	(139, 25, 'Muat_footer', 94, 100, 'muat', 'subtraction', '2019-03-19 00:00:00', '2019-03-19 14:57:23', NULL),
	(140, 1, 'Muat_footer', 95, 5, 'muat', 'subtraction', '2019-03-19 00:00:00', '2019-03-19 14:59:59', NULL),
	(141, 75, 'Muat_footer', 87, 10, 'muat', 'subtraction', '2019-03-19 00:00:00', '2019-03-19 14:40:17', NULL),
	(142, 62, 'Muat_footer', 96, 4, 'muat', 'subtraction', '2019-03-19 00:00:00', '2019-03-19 15:20:15', NULL),
	(143, 75, 'Muat_footer', 97, 9, 'muat', 'subtraction', '2019-03-19 00:00:00', '2019-03-19 15:20:15', NULL),
	(144, 75, 'Muat_footer', 98, 3, 'muat', 'subtraction', '2019-03-18 00:00:00', '2019-03-19 15:23:24', NULL),
	(145, 70, 'Muat_footer', 99, 5, 'muat', 'subtraction', '2019-03-18 00:00:00', '2019-03-19 15:23:24', NULL),
	(146, 7, 'Muat_footer', 100, 150, 'muat', 'subtraction', '2019-03-20 00:00:00', '2019-03-29 13:26:45', NULL),
	(147, 57, 'Muat_footer', 101, 5, 'muat', 'subtraction', '2019-03-20 00:00:00', '2019-03-21 10:01:34', NULL),
	(148, 4, 'Muat_footer', 102, 3, 'muat', 'subtraction', '2019-03-20 00:00:00', '2019-03-21 10:02:24', NULL),
	(149, 1, 'Muat_footer', 103, 100, 'muat', 'subtraction', '2019-03-20 00:00:00', '2019-03-21 10:02:24', NULL),
	(152, 62, 'Muat_footer', 106, 14, 'muat', 'subtraction', '2019-03-21 00:00:00', '2019-03-22 11:06:43', NULL),
	(153, 34, 'Muat_footer', 107, 60, 'muat', 'subtraction', '2019-03-21 00:00:00', '2019-03-22 11:07:29', NULL),
	(154, 3, 'Muat_footer', 108, 1, 'muat', 'subtraction', '2019-03-22 00:00:00', '2019-03-26 10:48:48', NULL),
	(155, 2, 'Muat_footer', 109, 2, 'muat', 'subtraction', '2019-03-22 00:00:00', '2019-03-26 10:48:48', NULL),
	(156, 7, 'Muat_footer', 110, 20, 'muat', 'subtraction', '2019-03-22 00:00:00', '2019-03-26 10:48:48', NULL),
	(157, 1, 'Muat_footer', 111, 50, 'muat', 'subtraction', '2019-03-22 00:00:00', '2019-03-26 10:48:48', NULL),
	(158, 3, 'Muat_footer', 112, 2, 'muat', 'subtraction', '2019-03-22 00:00:00', '2019-03-26 10:49:26', NULL),
	(159, 7, 'Muat_footer', 113, 50, 'muat', 'subtraction', '2019-03-22 00:00:00', '2019-03-26 10:49:26', NULL),
	(160, 1, 'Muat_footer', 114, 150, 'muat', 'subtraction', '2019-03-23 00:00:00', '2019-03-26 10:50:11', NULL),
	(161, 8, 'Muat_footer', 115, 20, 'muat', 'subtraction', '2019-03-23 00:00:00', '2019-03-26 10:51:06', NULL),
	(162, 7, 'Muat_footer', 116, 15, 'muat', 'subtraction', '2019-03-23 00:00:00', '2019-03-26 10:51:06', NULL),
	(163, 6, 'Bongkar_footer', 47, 20, 'bongkar', 'addition', '2019-03-25 00:00:00', '2019-03-26 10:53:54', NULL),
	(164, 7, 'Muat_footer', 117, 150, 'muat', 'subtraction', '2019-03-25 00:00:00', '2019-03-26 10:54:30', NULL),
	(165, 4, 'Muat_footer', 118, 2, 'muat', 'subtraction', '2019-03-25 00:00:00', '2019-03-26 10:55:12', NULL),
	(166, 3, 'Muat_footer', 119, 4, 'muat', 'subtraction', '2019-03-25 00:00:00', '2019-03-26 10:55:12', NULL),
	(167, 55, 'Muat_footer', 120, 4, 'muat', 'subtraction', '2019-03-22 00:00:00', '2019-03-26 10:58:48', NULL),
	(168, 54, 'Muat_footer', 121, 4, 'muat', 'subtraction', '2019-03-25 00:00:00', '2019-03-26 10:59:23', NULL),
	(169, 74, 'Muat_footer', 122, 105, 'muat', 'subtraction', '2019-03-22 00:00:00', '2019-03-26 11:03:30', NULL),
	(170, 13, 'Muat_footer', 123, 24, 'muat', 'subtraction', '2019-03-22 00:00:00', '2019-03-26 11:04:19', NULL),
	(171, 74, 'Muat_footer', 124, 104, 'muat', 'subtraction', '2019-03-25 00:00:00', '2019-03-26 11:04:51', NULL),
	(172, 59, 'Bongkar_footer', 48, 10, 'bongkar', 'addition', '2019-03-22 00:00:00', '2019-03-26 11:07:16', NULL),
	(173, 52, 'Muat_footer', 125, 15, 'muat', 'subtraction', '2019-03-25 00:00:00', '2019-03-26 11:11:52', NULL),
	(174, 52, 'Muat_footer', 126, 15, 'muat', 'subtraction', '2019-03-25 00:00:00', '2019-03-26 11:14:21', NULL),
	(175, 62, 'Muat_footer', 127, 12, 'muat', 'subtraction', '2019-03-22 00:00:00', '2019-03-26 11:16:26', NULL),
	(176, 71, 'Muat_footer', 128, 2, 'muat', 'subtraction', '2019-03-22 00:00:00', '2019-03-26 11:17:13', NULL),
	(177, 61, 'Muat_footer', 129, 6, 'muat', 'subtraction', '2019-03-22 00:00:00', '2019-03-26 11:17:13', NULL),
	(178, 60, 'Muat_footer', 130, 11, 'muat', 'subtraction', '2019-03-23 00:00:00', '2019-03-26 11:17:55', NULL),
	(179, 60, 'Bongkar_footer', 49, 25, 'bongkar', 'addition', '2019-03-26 00:00:00', '2019-03-26 11:24:21', NULL),
	(180, 60, 'Bongkar_footer', 50, 25, 'bongkar', 'addition', '2019-03-26 00:00:00', '2019-03-26 11:29:52', NULL),
	(181, 70, 'Bongkar_footer', 51, 5, 'bongkar', 'addition', '2019-03-26 00:00:00', '2019-03-26 11:29:52', NULL),
	(182, 77, 'Bongkar_footer', 52, 10, 'bongkar', 'addition', '2019-03-25 00:00:00', '2019-03-26 11:29:52', NULL),
	(183, 78, 'Bongkar_footer', 53, 5, 'bongkar', 'addition', '2019-03-26 00:00:00', '2019-03-26 11:29:52', NULL),
	(184, 58, 'Muat_footer', 131, 4, 'muat', 'subtraction', '2019-03-26 00:00:00', '2019-03-26 11:31:58', NULL),
	(185, 55, 'Bongkar_footer', 54, 10, 'bongkar', 'addition', '2019-03-26 00:00:00', '2019-03-26 11:34:36', NULL),
	(186, 59, 'Muat_footer', 132, 10, 'muat', 'subtraction', '2019-03-26 00:00:00', '2019-03-26 11:35:51', NULL),
	(187, 54, 'Muat_footer', 133, 4, 'muat', 'subtraction', '2019-03-26 00:00:00', '2019-03-29 12:37:18', NULL),
	(188, 27, 'Muat_footer', 134, 50, 'muat', 'subtraction', '2019-03-26 00:00:00', '2019-03-29 12:41:55', NULL),
	(193, 61, 'Muat_footer', 135, 8, 'muat', 'subtraction', '2019-03-26 00:00:00', '2019-03-29 12:47:22', NULL),
	(194, 80, 'Bongkar_footer', 59, 353, 'bongkar', 'addition', '2019-03-27 00:00:00', '2019-03-29 12:50:55', NULL),
	(195, 62, 'Bongkar_footer', 60, 77, 'bongkar', 'addition', '2019-03-27 00:00:00', '2019-03-29 12:52:04', NULL),
	(196, 78, 'Muat_footer', 136, 5, 'muat', 'subtraction', '2019-03-27 00:00:00', '2019-04-02 12:55:11', NULL),
	(197, 70, 'Muat_footer', 137, 5, 'muat', 'subtraction', '2019-03-27 00:00:00', '2019-03-29 12:56:15', NULL),
	(198, 60, 'Muat_footer', 138, 11, 'muat', 'subtraction', '2019-03-27 00:00:00', '2019-03-29 12:58:52', NULL),
	(199, 3, 'Muat_footer', 139, 6, 'muat', 'subtraction', '2019-03-27 00:00:00', '2019-03-29 12:59:45', NULL),
	(200, 54, 'Muat_footer', 140, 6, 'muat', 'subtraction', '2019-03-27 00:00:00', '2019-03-29 13:00:28', NULL),
	(201, 81, 'Bongkar_footer', 61, 20, 'bongkar', 'addition', '2019-03-25 00:00:00', '2019-03-29 13:07:46', NULL),
	(202, 82, 'Bongkar_footer', 62, 127, 'bongkar', 'addition', '2019-03-25 00:00:00', '2019-03-29 13:07:46', NULL),
	(203, 83, 'Bongkar_footer', 63, 128, 'bongkar', 'addition', '2019-03-25 00:00:00', '2019-03-29 14:19:57', NULL),
	(204, 80, 'Muat_footer', 141, 100, 'muat', 'subtraction', '2019-03-28 00:00:00', '2019-03-29 13:12:18', NULL),
	(205, 62, 'Muat_footer', 142, 10, 'muat', 'subtraction', '2019-03-28 00:00:00', '2019-03-29 13:12:57', NULL),
	(206, 3, 'Muat_footer', 143, 3, 'muat', 'subtraction', '2019-03-28 00:00:00', '2019-03-29 13:13:40', NULL),
	(207, 7, 'Bongkar_footer', 64, 500, 'bongkar', 'addition', '2019-03-28 00:00:00', '2019-03-29 13:14:07', NULL),
	(208, 6, 'Muat_footer', 144, 4, 'muat', 'subtraction', '2019-03-28 00:00:00', '2019-03-29 13:14:35', NULL),
	(209, 1, 'Muat_footer', 145, 20, 'muat', 'subtraction', '2019-03-28 00:00:00', '2019-03-29 13:17:49', NULL),
	(210, 7, 'Muat_footer', 146, 52, 'muat', 'subtraction', '2019-03-28 00:00:00', '2019-03-29 13:17:49', NULL),
	(211, 8, 'Muat_footer', 147, 25, 'muat', 'subtraction', '2019-03-28 00:00:00', '2019-03-29 13:27:51', NULL),
	(212, 68, 'Muat_footer', 148, 4, 'muat', 'subtraction', '2019-03-28 00:00:00', '2019-04-08 15:10:23', NULL),
	(213, 58, 'Muat_footer', 149, 2, 'muat', 'subtraction', '2019-03-28 00:00:00', '2019-03-29 13:28:41', NULL),
	(214, 84, 'Muat_footer', 150, 40, 'muat', 'subtraction', '2019-03-26 00:00:00', '2019-03-29 13:30:17', NULL),
	(215, 1, 'Bongkar_footer', 65, 500, 'bongkar', 'addition', '2019-03-23 00:00:00', '2019-03-29 13:50:35', NULL),
	(216, 36, 'Muat_footer', 151, 40, 'muat', 'subtraction', '2019-03-29 00:00:00', '2019-03-30 10:04:11', NULL),
	(217, 40, 'Muat_footer', 152, 10, 'muat', 'subtraction', '2019-03-29 00:00:00', '2019-03-30 10:04:11', NULL),
	(218, 75, 'Bongkar_footer', 66, 35, 'bongkar', 'addition', '2019-03-29 00:00:00', '2019-03-30 10:04:55', NULL),
	(219, 62, 'Muat_footer', 153, 14, 'muat', 'subtraction', '2019-03-29 00:00:00', '2019-03-30 10:05:30', NULL),
	(220, 55, 'Muat_footer', 154, 3, 'muat', 'subtraction', '2019-03-29 00:00:00', '2019-03-30 10:06:03', NULL),
	(221, 63, 'Muat_footer', 155, 8, 'muat', 'subtraction', '2019-03-30 00:00:00', '2019-03-30 13:35:47', NULL),
	(222, 62, 'Muat_footer', 156, 14, 'muat', 'subtraction', '2019-03-30 00:00:00', '2019-03-30 13:35:47', NULL),
	(224, 29, 'Muat_footer', 158, 12, 'muat', 'subtraction', '2019-03-30 00:00:00', '2019-03-30 14:18:05', NULL),
	(225, 34, 'Muat_footer', 159, 30, 'muat', 'subtraction', '2019-03-30 00:00:00', '2019-03-30 14:18:44', NULL),
	(226, 8, 'Bongkar_footer', 67, 227, 'bongkar', 'addition', '2019-03-30 00:00:00', '2019-04-02 11:26:56', NULL),
	(227, 85, 'Bongkar_footer', 68, 4, 'bongkar', 'addition', '2019-03-01 00:00:00', '2019-04-02 15:19:29', NULL),
	(228, 85, 'Muat_footer', 160, 8, 'muat', 'subtraction', '2019-03-02 00:00:00', '2019-04-02 15:20:28', NULL),
	(229, 85, 'Muat_footer', 161, 8, 'muat', 'subtraction', '2019-03-06 00:00:00', '2019-04-02 15:20:47', NULL),
	(230, 85, 'Muat_footer', 162, 2, 'muat', 'subtraction', '2019-03-19 00:00:00', '2019-04-02 15:21:14', NULL),
	(231, 85, 'Muat_footer', 163, 4, 'muat', 'subtraction', '2019-03-20 00:00:00', '2019-04-02 15:21:42', NULL),
	(232, 85, 'Muat_footer', 164, 40, 'muat', 'subtraction', '2019-03-25 00:00:00', '2019-04-02 15:22:01', NULL),
	(233, 85, 'Muat_footer', 165, 40, 'muat', 'subtraction', '2019-03-26 00:00:00', '2019-04-02 15:22:30', NULL),
	(235, 86, 'Muat_footer', 167, 2, 'muat', 'subtraction', '2019-03-13 00:00:00', '2019-04-02 15:31:14', NULL),
	(236, 86, 'Muat_footer', 168, 11, 'muat', 'subtraction', '2019-03-27 00:00:00', '2019-04-02 15:31:36', NULL),
	(237, 86, 'Muat_footer', 169, 11, 'muat', 'subtraction', '2019-03-28 00:00:00', '2019-04-02 15:31:51', NULL),
	(238, 87, 'Bongkar_footer', 69, 20, 'bongkar', 'addition', '2019-03-25 00:00:00', '2019-04-02 15:54:41', NULL),
	(239, 88, 'Bongkar_footer', 70, 20, 'bongkar', 'addition', '2019-03-25 00:00:00', '2019-04-02 15:54:48', NULL),
	(240, 88, 'Muat_footer', 170, 20, 'muat', 'subtraction', '2019-03-25 00:00:00', '2019-04-02 15:55:13', NULL),
	(241, 87, 'Muat_footer', 171, 20, 'muat', 'subtraction', '2019-03-25 00:00:00', '2019-04-02 15:55:16', NULL),
	(243, 12, 'Muat_footer', 173, 3, 'muat', 'subtraction', '2019-04-01 00:00:00', '2019-04-04 15:51:37', NULL),
	(244, 19, 'Muat_footer', 174, 3, 'muat', 'subtraction', '2019-04-01 00:00:00', '2019-04-04 15:52:12', NULL),
	(245, 27, 'Muat_footer', 175, 4, 'muat', 'subtraction', '2019-04-01 00:00:00', '2019-04-04 15:52:38', NULL),
	(246, 89, 'Bongkar_footer', 71, 29, 'bongkar', 'addition', '2019-04-01 00:00:00', '2019-04-04 15:55:22', NULL),
	(247, 90, 'Bongkar_footer', 72, 24, 'bongkar', 'addition', '2019-04-01 00:00:00', '2019-04-04 15:55:23', NULL),
	(248, 77, 'Bongkar_footer', 73, 5, 'bongkar', 'addition', '2019-04-01 00:00:00', '2019-04-04 15:55:23', NULL),
	(249, 61, 'Muat_footer', 176, 10, 'muat', 'subtraction', '2019-04-01 00:00:00', '2019-04-04 15:56:55', NULL),
	(250, 90, 'Muat_footer', 177, 2, 'muat', 'subtraction', '2019-04-01 00:00:00', '2019-04-04 15:56:55', NULL),
	(251, 1, 'Muat_footer', 178, 6, 'muat', 'subtraction', '2019-04-01 00:00:00', '2019-04-04 15:57:32', NULL),
	(252, 7, 'Muat_footer', 179, 6, 'muat', 'subtraction', '2019-04-01 00:00:00', '2019-04-04 15:57:32', NULL),
	(253, 55, 'Muat_footer', 180, 3, 'muat', 'subtraction', '2019-04-01 00:00:00', '2019-04-04 15:58:15', NULL),
	(254, 62, 'Muat_footer', 181, 19, 'muat', 'subtraction', '2019-04-02 00:00:00', '2019-04-05 10:52:43', NULL),
	(255, 75, 'Muat_footer', 182, 4, 'muat', 'subtraction', '2019-04-02 00:00:00', '2019-04-05 10:52:43', NULL),
	(256, 90, 'Muat_footer', 183, 2, 'muat', 'subtraction', '2019-04-02 00:00:00', '2019-04-05 10:52:44', NULL),
	(257, 89, 'Muat_footer', 184, 8, 'muat', 'subtraction', '2019-04-02 00:00:00', '2019-04-05 10:52:44', NULL),
	(258, 81, 'Muat_footer', 185, 10, 'muat', 'subtraction', '2019-04-02 00:00:00', '2019-04-05 10:53:31', NULL),
	(259, 82, 'Muat_footer', 186, 10, 'muat', 'subtraction', '2019-04-02 00:00:00', '2019-04-05 10:53:31', NULL),
	(260, 83, 'Muat_footer', 187, 10, 'muat', 'subtraction', '2019-04-02 00:00:00', '2019-04-05 10:53:31', NULL),
	(261, 55, 'Muat_footer', 188, 3, 'muat', 'subtraction', '2019-04-02 00:00:00', '2019-04-05 10:53:55', NULL),
	(262, 30, 'Muat_footer', 189, 5, 'muat', 'subtraction', '2019-04-04 00:00:00', '2019-04-05 10:55:16', NULL),
	(263, 25, 'Muat_footer', 190, 100, 'muat', 'subtraction', '2019-04-04 00:00:00', '2019-04-05 10:55:45', NULL),
	(264, 75, 'Muat_footer', 191, 18, 'muat', 'subtraction', '2019-04-04 00:00:00', '2019-04-05 10:56:17', NULL),
	(265, 1, 'Bongkar_footer', 74, 500, 'bongkar', 'addition', '2019-04-04 00:00:00', '2019-04-05 10:57:28', NULL),
	(266, 6, 'Muat_footer', 192, 3, 'muat', 'subtraction', '2019-04-04 00:00:00', '2019-04-05 10:58:07', NULL),
	(267, 1, 'Muat_footer', 193, 50, 'muat', 'subtraction', '2019-04-04 00:00:00', '2019-04-05 10:58:42', NULL),
	(268, 7, 'Muat_footer', 194, 135, 'muat', 'subtraction', '2019-04-04 00:00:00', '2019-04-05 10:59:29', NULL),
	(269, 55, 'Muat_footer', 195, 3, 'muat', 'subtraction', '2019-04-04 00:00:00', '2019-04-05 10:59:53', NULL),
	(272, 34, 'Muat_footer', 198, 60, 'muat', 'subtraction', '2019-04-05 00:00:00', '2019-04-06 13:54:05', NULL),
	(273, 75, 'Bongkar_footer', 75, 20, 'bongkar', 'addition', '2019-04-05 00:00:00', '2019-04-06 13:56:35', NULL),
	(274, 61, 'Bongkar_footer', 76, 40, 'bongkar', 'addition', '2019-04-05 00:00:00', '2019-04-06 13:56:35', NULL),
	(275, 91, 'Bongkar_footer', 77, 10, 'bongkar', 'addition', '2019-04-05 00:00:00', '2019-04-06 13:56:35', NULL),
	(276, 61, 'Muat_footer', 199, 8, 'muat', 'subtraction', '2019-04-05 00:00:00', '2019-04-06 13:57:48', NULL),
	(277, 75, 'Muat_footer', 200, 13, 'muat', 'subtraction', '2019-04-05 00:00:00', '2019-04-06 13:58:51', NULL),
	(278, 4, 'Muat_footer', 201, 4, 'muat', 'subtraction', '2019-04-05 00:00:00', '2019-04-06 14:00:47', NULL),
	(279, 2, 'Muat_footer', 202, 1, 'muat', 'subtraction', '2019-04-05 00:00:00', '2019-04-06 14:01:09', NULL),
	(280, 92, 'Bongkar_footer', 78, 6, 'bongkar', 'addition', '2019-04-05 00:00:00', '2019-04-06 14:02:14', NULL),
	(281, 92, 'Muat_footer', 203, 6, 'muat', 'subtraction', '2019-04-05 00:00:00', '2019-04-06 14:02:30', NULL),
	(282, 68, 'Muat_footer', 204, 4, 'muat', 'subtraction', '2019-04-05 00:00:00', '2019-04-06 14:03:02', NULL),
	(283, 89, 'Muat_footer', 205, 15, 'muat', 'subtraction', '2019-04-06 00:00:00', '2019-04-06 14:04:16', NULL),
	(284, 80, 'Muat_footer', 206, 100, 'muat', 'subtraction', '2019-04-06 00:00:00', '2019-04-06 14:04:48', NULL),
	(285, 1, 'Muat_footer', 207, 150, 'muat', 'subtraction', '2019-04-06 00:00:00', '2019-04-06 14:05:49', NULL),
	(286, 86, 'Muat_footer', 208, 4, 'muat', 'subtraction', '2019-04-01 00:00:00', '2019-04-08 10:19:41', NULL),
	(287, 86, 'Muat_footer', 209, 4, 'muat', 'subtraction', '2019-04-04 00:00:00', '2019-04-08 10:19:58', NULL),
	(288, 86, 'Muat_footer', 210, 4, 'muat', 'subtraction', '2019-04-05 00:00:00', '2019-04-08 10:20:11', NULL),
	(289, 86, 'Muat_footer', 211, 10, 'muat', 'subtraction', '2019-04-06 00:00:00', '2019-04-08 10:20:25', NULL),
	(290, 86, 'Muat_footer', 212, 22, 'muat', 'subtraction', '2019-04-08 00:00:00', '2019-04-08 10:20:36', NULL),
	(291, 61, 'Muat_footer', 213, 8, 'muat', 'subtraction', '2019-04-08 00:00:00', '2019-04-12 09:34:09', NULL),
	(292, 34, 'Muat_footer', 214, 76, 'muat', 'subtraction', '2019-04-08 00:00:00', '2019-04-12 09:34:44', NULL),
	(293, 62, 'Muat_footer', 215, 14, 'muat', 'subtraction', '2019-04-08 00:00:00', '2019-04-12 09:35:19', NULL),
	(294, 1, 'Muat_footer', 216, 145, 'muat', 'subtraction', '2019-04-08 00:00:00', '2019-04-12 09:35:46', NULL),
	(295, 45, 'Muat_footer', 217, 80, 'muat', 'subtraction', '2019-04-09 00:00:00', '2019-04-12 09:37:20', NULL),
	(296, 39, 'Muat_footer', 218, 15, 'muat', 'subtraction', '2019-04-09 00:00:00', '2019-04-12 09:37:20', NULL),
	(297, 62, 'Bongkar_footer', 79, 34, 'bongkar', 'addition', '2019-04-09 00:00:00', '2019-04-12 09:40:53', NULL),
	(298, 75, 'Bongkar_footer', 80, 33, 'bongkar', 'addition', '2019-04-09 00:00:00', '2019-04-12 09:40:53', NULL),
	(299, 60, 'Bongkar_footer', 81, 26, 'bongkar', 'addition', '2019-04-09 00:00:00', '2019-04-12 09:40:53', NULL),
	(300, 93, 'Bongkar_footer', 82, 12, 'bongkar', 'addition', '2019-04-09 00:00:00', '2019-04-12 09:40:53', NULL),
	(301, 94, 'Bongkar_footer', 83, 8, 'bongkar', 'addition', '2019-04-09 00:00:00', '2019-04-12 09:40:53', NULL),
	(302, 62, 'Muat_footer', 219, 10, 'muat', 'subtraction', '2019-04-09 00:00:00', '2019-04-12 09:41:59', NULL),
	(303, 75, 'Muat_footer', 220, 3, 'muat', 'subtraction', '2019-04-09 00:00:00', '2019-04-12 09:41:59', NULL),
	(304, 91, 'Muat_footer', 221, 3, 'muat', 'subtraction', '2019-04-09 00:00:00', '2019-04-12 09:42:38', NULL),
	(305, 60, 'Muat_footer', 222, 8, 'muat', 'subtraction', '2019-04-09 00:00:00', '2019-04-12 09:43:11', NULL),
	(306, 7, 'Bongkar_footer', 84, 500, 'bongkar', 'addition', '2019-04-09 00:00:00', '2019-04-12 09:43:45', NULL),
	(307, 58, 'Bongkar_footer', 85, 6, 'bongkar', 'addition', '2019-04-09 00:00:00', '2019-04-12 09:44:18', NULL),
	(308, 58, 'Muat_footer', 223, 5, 'muat', 'subtraction', '2019-04-09 00:00:00', '2019-04-12 09:44:46', NULL),
	(309, 41, 'Muat_footer', 224, 10, 'muat', 'subtraction', '2019-04-10 00:00:00', '2019-04-12 09:45:56', NULL),
	(310, 95, 'Bongkar_footer', 86, 131, 'bongkar', 'addition', '2019-04-10 00:00:00', '2019-04-12 09:49:16', NULL),
	(311, 96, 'Bongkar_footer', 87, 85, 'bongkar', 'addition', '2019-04-10 00:00:00', '2019-04-12 09:49:16', NULL),
	(312, 97, 'Bongkar_footer', 88, 85, 'bongkar', 'addition', '2019-04-10 00:00:00', '2019-04-12 09:49:16', NULL),
	(313, 98, 'Bongkar_footer', 89, 188, 'bongkar', 'addition', '2019-04-10 00:00:00', '2019-04-12 09:49:16', NULL),
	(314, 30, 'Muat_footer', 225, 60, 'muat', 'subtraction', '2019-04-10 00:00:00', '2019-04-12 09:49:55', NULL),
	(315, 62, 'Muat_footer', 226, 18, 'muat', 'subtraction', '2019-04-10 00:00:00', '2019-04-12 09:51:01', NULL),
	(316, 75, 'Muat_footer', 227, 6, 'muat', 'subtraction', '2019-04-10 00:00:00', '2019-04-12 09:51:01', NULL),
	(317, 63, 'Muat_footer', 228, 2, 'muat', 'subtraction', '2019-04-10 00:00:00', '2019-04-12 09:51:47', NULL),
	(318, 90, 'Muat_footer', 229, 4, 'muat', 'subtraction', '2019-04-10 00:00:00', '2019-04-12 09:51:47', NULL),
	(319, 6, 'Muat_footer', 230, 3, 'muat', 'subtraction', '2019-04-10 00:00:00', '2019-04-12 09:52:33', NULL),
	(320, 5, 'Muat_footer', 231, 2, 'muat', 'subtraction', '2019-04-10 00:00:00', '2019-04-12 09:53:03', NULL),
	(321, 7, 'Muat_footer', 232, 80, 'muat', 'subtraction', '2019-04-10 00:00:00', '2019-04-12 09:53:51', NULL),
	(322, 1, 'Muat_footer', 233, 10, 'muat', 'subtraction', '2019-04-10 00:00:00', '2019-04-12 09:55:15', NULL),
	(323, 8, 'Muat_footer', 234, 20, 'muat', 'subtraction', '2019-04-10 00:00:00', '2019-04-12 09:56:02', NULL),
	(324, 91, 'Muat_footer', 235, 7, 'muat', 'subtraction', '2019-04-11 00:00:00', '2019-04-12 10:05:57', NULL),
	(325, 61, 'Muat_footer', 236, 5, 'muat', 'subtraction', '2019-04-11 00:00:00', '2019-04-12 10:05:57', NULL),
	(326, 98, 'Muat_footer', 237, 100, 'muat', 'subtraction', '2019-04-11 00:00:00', '2019-04-12 10:17:00', NULL),
	(327, 7, 'Muat_footer', 238, 150, 'muat', 'subtraction', '2019-04-11 00:00:00', '2019-04-12 10:17:32', NULL),
	(328, 59, 'Muat_footer', 239, 1, 'muat', 'subtraction', '2019-04-11 00:00:00', '2019-04-12 10:17:44', NULL),
	(329, 30, 'Muat_footer', 240, 10, 'muat', 'subtraction', '2019-04-12 00:00:00', '2019-04-16 15:01:38', NULL),
	(330, 73, 'Muat_footer', 241, 40, 'muat', 'subtraction', '2019-04-12 00:00:00', '2019-04-16 15:02:14', NULL),
	(331, 97, 'Muat_footer', 242, 85, 'muat', 'subtraction', '2019-04-12 00:00:00', '2019-04-16 15:03:20', NULL),
	(332, 1, 'Bongkar_footer', 90, 500, 'bongkar', 'addition', '2019-04-12 00:00:00', '2019-04-16 15:03:59', NULL),
	(333, 4, 'Muat_footer', 243, 6, 'muat', 'subtraction', '2019-04-12 00:00:00', '2019-04-16 15:05:02', NULL),
	(334, 1, 'Muat_footer', 244, 35, 'muat', 'subtraction', '2019-04-12 00:00:00', '2019-04-16 15:05:02', NULL),
	(335, 7, 'Muat_footer', 245, 10, 'muat', 'subtraction', '2019-04-12 00:00:00', '2019-04-16 15:05:02', NULL),
	(336, 8, 'Muat_footer', 246, 20, 'muat', 'subtraction', '2019-04-12 00:00:00', '2019-04-16 15:05:02', NULL),
	(337, 62, 'Bongkar_footer', 91, 36, 'bongkar', 'addition', '2019-04-13 00:00:00', '2019-04-16 15:05:55', NULL),
	(338, 90, 'Muat_footer', 247, 4, 'muat', 'subtraction', '2019-04-13 00:00:00', '2019-04-16 15:06:38', NULL),
	(339, 60, 'Muat_footer', 248, 6, 'muat', 'subtraction', '2019-04-13 00:00:00', '2019-04-16 15:06:39', NULL),
	(340, 27, 'Muat_footer', 249, 40, 'muat', 'subtraction', '2019-04-13 00:00:00', '2019-04-16 15:07:04', NULL),
	(341, 99, 'Bongkar_footer', 92, 17, 'bongkar', 'addition', '2019-04-15 00:00:00', '2019-04-16 15:10:25', NULL),
	(342, 100, 'Bongkar_footer', 93, 84, 'bongkar', 'addition', '2019-04-15 00:00:00', '2019-04-16 15:10:25', NULL),
	(343, 101, 'Bongkar_footer', 94, 125, 'bongkar', 'addition', '2019-04-15 00:00:00', '2019-04-16 15:10:25', NULL),
	(344, 30, 'Muat_footer', 250, 20, 'muat', 'subtraction', '2019-04-15 00:00:00', '2019-04-16 15:11:17', NULL),
	(345, 27, 'Muat_footer', 251, 40, 'muat', 'subtraction', '2019-04-15 00:00:00', '2019-04-16 15:11:51', NULL),
	(346, 94, 'Muat_footer', 252, 8, 'muat', 'subtraction', '2019-04-15 00:00:00', '2019-04-16 15:12:33', NULL),
	(347, 46, 'Muat_footer', 253, 30, 'muat', 'subtraction', '2019-04-15 00:00:00', '2019-04-16 15:15:41', NULL),
	(348, 1, 'Muat_footer', 254, 50, 'muat', 'subtraction', '2019-04-15 00:00:00', '2019-04-16 15:16:21', NULL),
	(349, 3, 'Muat_footer', 255, 1, 'muat', 'subtraction', '2019-04-15 00:00:00', '2019-04-16 15:16:53', NULL),
	(350, 7, 'Muat_footer', 256, 2, 'muat', 'subtraction', '2019-04-15 00:00:00', '2019-04-16 15:16:53', NULL),
	(351, 6, 'Muat_footer', 257, 2, 'muat', 'subtraction', '2019-04-15 00:00:00', '2019-04-16 15:17:10', NULL),
	(352, 42, 'Muat_footer', 258, 40, 'muat', 'subtraction', '2019-04-16 00:00:00', '2019-04-18 08:54:52', NULL),
	(353, 62, 'Muat_footer', 259, 14, 'muat', 'subtraction', '2019-04-16 00:00:00', '2019-04-18 08:55:14', NULL),
	(354, 80, 'Muat_footer', 260, 100, 'muat', 'subtraction', '2019-04-16 00:00:00', '2019-04-18 08:55:37', NULL),
	(355, 88, 'Bongkar_footer', 95, 10, 'bongkar', 'addition', '2019-04-16 00:00:00', '2019-04-18 08:56:19', NULL),
	(356, 87, 'Bongkar_footer', 96, 10, 'bongkar', 'addition', '2019-04-16 00:00:00', '2019-04-18 08:56:19', NULL),
	(357, 88, 'Muat_footer', 261, 10, 'muat', 'subtraction', '2019-04-16 00:00:00', '2019-04-18 08:56:37', NULL),
	(358, 87, 'Muat_footer', 262, 10, 'muat', 'subtraction', '2019-04-16 00:00:00', '2019-04-18 08:56:37', NULL),
	(359, 80, 'Muat_footer', 263, 53, 'muat', 'subtraction', '2019-04-18 00:00:00', '2019-04-25 09:13:42', NULL),
	(360, 7, 'Muat_footer', 264, 130, 'muat', 'subtraction', '2019-04-18 00:00:00', '2019-04-25 09:14:21', NULL),
	(361, 8, 'Muat_footer', 265, 30, 'muat', 'subtraction', '2019-04-18 00:00:00', '2019-04-25 09:14:21', NULL),
	(362, 100, 'Muat_footer', 266, 84, 'muat', 'subtraction', '2019-04-20 00:00:00', '2019-04-25 09:15:12', NULL),
	(363, 62, 'Bongkar_footer', 97, 35, 'bongkar', 'addition', '2019-04-20 00:00:00', '2019-04-25 09:15:45', NULL),
	(364, 57, 'Muat_footer', 267, 25, 'muat', 'subtraction', '2019-04-22 00:00:00', '2019-04-25 09:16:53', NULL),
	(365, 60, 'Muat_footer', 268, 1, 'muat', 'subtraction', '2019-04-22 00:00:00', '2019-04-25 09:17:26', NULL),
	(366, 5, 'Muat_footer', 269, 1, 'muat', 'subtraction', '2019-04-22 00:00:00', '2019-04-25 09:18:27', NULL),
	(367, 1, 'Muat_footer', 270, 53, 'muat', 'subtraction', '2019-04-22 00:00:00', '2019-04-25 09:18:27', NULL),
	(368, 7, 'Muat_footer', 271, 151, 'muat', 'subtraction', '2019-04-22 00:00:00', '2019-04-25 09:18:27', NULL),
	(369, 42, 'Muat_footer', 272, 48, 'muat', 'subtraction', '2019-04-23 00:00:00', '2019-04-25 09:34:42', NULL),
	(370, 41, 'Muat_footer', 273, 8, 'muat', 'subtraction', '2019-04-23 00:00:00', '2019-04-25 09:34:42', NULL),
	(371, 37, 'Muat_footer', 274, 24, 'muat', 'subtraction', '2019-04-23 00:00:00', '2019-04-25 09:34:42', NULL),
	(372, 99, 'Muat_footer', 275, 17, 'muat', 'subtraction', '2019-04-23 00:00:00', '2019-04-25 09:35:03', NULL),
	(373, 62, 'Muat_footer', 276, 8, 'muat', 'subtraction', '2019-04-23 00:00:00', '2019-04-25 09:35:39', NULL),
	(374, 1, 'Bongkar_footer', 98, 94, 'bongkar', 'addition', '2019-04-23 00:00:00', '2019-04-25 09:37:34', NULL),
	(375, 7, 'Bongkar_footer', 99, 77, 'bongkar', 'addition', '2019-04-23 00:00:00', '2019-04-25 09:37:34', NULL),
	(376, 6, 'Bongkar_footer', 100, 6, 'bongkar', 'addition', '2019-04-23 00:00:00', '2019-04-25 09:37:34', NULL),
	(377, 102, 'Bongkar_footer', 101, 1, 'bongkar', 'addition', '2019-04-23 00:00:00', '2019-04-25 09:37:34', NULL),
	(378, 4, 'Muat_footer', 277, 3, 'muat', 'subtraction', '2019-04-23 00:00:00', '2019-04-25 09:38:04', NULL),
	(379, 1, 'Muat_footer', 278, 80, 'muat', 'subtraction', '2019-04-23 00:00:00', '2019-04-25 09:38:51', NULL),
	(380, 2, 'Muat_footer', 279, 1, 'muat', 'subtraction', '2019-04-23 00:00:00', '2019-04-25 09:39:25', NULL),
	(381, 62, 'Bongkar_footer', 102, 35, 'bongkar', 'addition', '2019-04-24 00:00:00', '2019-04-25 09:40:09', NULL),
	(382, 62, 'Muat_footer', 280, 7, 'muat', 'subtraction', '2019-04-24 00:00:00', '2019-04-25 09:40:52', NULL),
	(383, 1, 'Muat_footer', 281, 150, 'muat', 'subtraction', '2019-04-24 00:00:00', '2019-04-25 09:42:03', NULL),
	(384, 7, 'Muat_footer', 282, 150, 'muat', 'subtraction', '2019-04-24 00:00:00', '2019-04-25 09:42:24', NULL),
	(385, 62, 'Bongkar_footer', 103, 34, 'bongkar', 'addition', '2019-04-25 00:00:00', '2019-04-30 09:32:37', NULL),
	(386, 60, 'Muat_footer', 283, 8, 'muat', 'subtraction', '2019-04-25 00:00:00', '2019-04-30 09:33:06', NULL),
	(387, 75, 'Muat_footer', 284, 18, 'muat', 'subtraction', '2019-04-25 00:00:00', '2019-04-30 09:33:31', NULL),
	(388, 30, 'Muat_footer', 285, 20, 'muat', 'subtraction', '2019-04-25 00:00:00', '2019-04-30 09:34:19', NULL),
	(389, 6, 'Muat_footer', 286, 3, 'muat', 'subtraction', '2019-04-25 00:00:00', '2019-04-30 09:34:50', NULL),
	(390, 102, 'Muat_footer', 287, 1, 'muat', 'subtraction', '2019-04-25 00:00:00', '2019-04-30 09:34:50', NULL),
	(391, 58, 'Muat_footer', 288, 1, 'muat', 'subtraction', '2019-04-25 00:00:00', '2019-04-30 09:35:03', NULL),
	(392, 103, 'Bongkar_footer', 104, 448, 'bongkar', 'addition', '2019-04-26 00:00:00', '2019-04-30 09:36:13', NULL),
	(393, 16, 'Muat_footer', 289, 95, 'muat', 'subtraction', '2019-04-26 00:00:00', '2019-04-30 09:36:56', NULL),
	(394, 62, 'Muat_footer', 290, 22, 'muat', 'subtraction', '2019-04-26 00:00:00', '2019-04-30 09:37:29', NULL),
	(395, 7, 'Muat_footer', 291, 140, 'muat', 'subtraction', '2019-04-26 00:00:00', '2019-04-30 09:37:49', NULL),
	(396, 61, 'Muat_footer', 292, 14, 'muat', 'subtraction', '2019-04-27 00:00:00', '2019-04-30 09:38:26', NULL),
	(397, 16, 'Muat_footer', 293, 2, 'muat', 'subtraction', '2019-04-27 00:00:00', '2019-04-30 09:38:48', NULL),
	(398, 29, 'Muat_footer', 294, 46, 'muat', 'subtraction', '2019-04-27 00:00:00', '2019-04-30 09:39:10', NULL),
	(399, 1, 'Muat_footer', 295, 112, 'muat', 'subtraction', '2019-04-27 00:00:00', '2019-04-30 09:40:12', NULL),
	(400, 7, 'Muat_footer', 296, 10, 'muat', 'subtraction', '2019-04-27 00:00:00', '2019-04-30 09:40:12', NULL),
	(401, 8, 'Muat_footer', 297, 15, 'muat', 'subtraction', '2019-04-27 00:00:00', '2019-04-30 09:40:12', NULL),
	(402, 62, 'Muat_footer', 298, 8, 'muat', 'subtraction', '2019-04-29 00:00:00', '2019-04-30 09:40:53', NULL),
	(403, 104, 'Bongkar_footer', 105, 349, 'bongkar', 'addition', '2019-04-29 00:00:00', '2019-04-30 09:42:03', NULL),
	(404, 17, 'Muat_footer', 299, 40, 'muat', 'subtraction', '2019-04-29 00:00:00', '2019-04-30 09:42:30', NULL),
	(405, 1, 'Muat_footer', 300, 50, 'muat', 'subtraction', '2019-04-29 00:00:00', '2019-04-30 09:43:00', NULL),
	(406, 7, 'Muat_footer', 301, 20, 'muat', 'subtraction', '2019-04-29 00:00:00', '2019-04-30 09:43:20', NULL),
	(407, 6, 'Muat_footer', 302, 3, 'muat', 'subtraction', '2019-04-29 00:00:00', '2019-04-30 09:43:44', NULL),
	(408, 4, 'Muat_footer', 303, 2, 'muat', 'subtraction', '2019-04-29 00:00:00', '2019-04-30 09:44:19', NULL),
	(409, 45, 'Muat_footer', 304, 219, 'muat', 'subtraction', '2019-04-30 00:00:00', '2019-05-02 08:51:26', NULL),
	(410, 43, 'Muat_footer', 305, 160, 'muat', 'subtraction', '2019-04-30 00:00:00', '2019-05-02 08:51:26', NULL),
	(411, 60, 'Muat_footer', 306, 8, 'muat', 'subtraction', '2019-04-30 00:00:00', '2019-05-02 08:51:52', NULL),
	(412, 104, 'Muat_footer', 307, 105, 'muat', 'subtraction', '2019-04-30 00:00:00', '2019-05-02 08:52:13', NULL),
	(413, 1, 'Muat_footer', 308, 100, 'muat', 'subtraction', '2019-04-30 00:00:00', '2019-05-02 08:52:45', NULL),
	(414, 7, 'Muat_footer', 309, 20, 'muat', 'subtraction', '2019-04-30 00:00:00', '2019-05-02 08:52:45', NULL),
	(415, 58, 'Bongkar_footer', 106, 6, 'bongkar', 'addition', '2019-04-30 00:00:00', '2019-05-02 08:53:00', NULL),
	(416, 58, 'Muat_footer', 310, 5, 'muat', 'subtraction', '2019-04-30 00:00:00', '2019-05-02 08:53:15', NULL),
	(417, 85, 'Muat_footer', 311, 4, 'muat', 'subtraction', '2019-04-04 00:00:00', '2019-05-02 09:29:58', NULL),
	(418, 85, 'Muat_footer', 312, 50, 'muat', 'subtraction', '2019-04-26 00:00:00', '2019-05-02 09:30:09', NULL),
	(419, 17, 'Muat_footer', 313, 40, 'muat', 'subtraction', '2019-04-06 00:00:00', '2019-05-02 09:39:55', NULL),
	(420, 105, 'Bongkar_footer', 107, 455, 'bongkar', 'addition', '2019-05-02 00:00:00', '2019-05-08 15:47:32', NULL),
	(421, 106, 'Bongkar_footer', 108, 158, 'bongkar', 'addition', '2019-05-02 00:00:00', '2019-05-08 15:47:32', NULL),
	(422, 104, 'Muat_footer', 314, 105, 'muat', 'subtraction', '2019-05-02 00:00:00', '2019-05-08 15:48:07', NULL),
	(423, 107, 'Bongkar_footer', 109, 15, 'bongkar', 'addition', '2019-05-02 00:00:00', '2019-05-08 15:52:29', NULL),
	(424, 69, 'Bongkar_footer', 110, 15, 'bongkar', 'addition', '2019-05-02 00:00:00', '2019-05-08 15:52:29', NULL),
	(425, 109, 'Bongkar_footer', 111, 2, 'bongkar', 'addition', '2019-05-02 00:00:00', '2019-05-08 15:52:29', NULL),
	(426, 108, 'Bongkar_footer', 112, 10, 'bongkar', 'addition', '2019-05-02 00:00:00', '2019-05-08 15:52:29', NULL),
	(427, 62, 'Bongkar_footer', 113, 17, 'bongkar', 'addition', '2019-05-02 00:00:00', '2019-05-08 15:52:30', NULL),
	(428, 62, 'Muat_footer', 315, 10, 'muat', 'subtraction', '2019-05-02 00:00:00', '2019-05-08 15:57:32', NULL),
	(429, 109, 'Muat_footer', 316, 2, 'muat', 'subtraction', '2019-05-02 00:00:00', '2019-05-08 15:58:15', NULL),
	(430, 69, 'Muat_footer', 317, 2, 'muat', 'subtraction', '2019-05-02 00:00:00', '2019-05-08 15:58:15', NULL),
	(431, 108, 'Muat_footer', 318, 3, 'muat', 'subtraction', '2019-05-02 00:00:00', '2019-05-08 15:58:15', NULL),
	(432, 1, 'Muat_footer', 319, 140, 'muat', 'subtraction', '2019-05-02 00:00:00', '2019-05-08 15:58:50', NULL),
	(433, 68, 'Muat_footer', 320, 6, 'muat', 'subtraction', '2019-05-02 00:00:00', '2019-05-08 15:59:14', NULL),
	(434, 24, 'Muat_footer', 321, 100, 'muat', 'subtraction', '2019-05-03 00:00:00', '2019-05-27 11:05:22', NULL),
	(435, 93, 'Muat_footer', 322, 8, 'muat', 'subtraction', '2019-05-03 00:00:00', '2019-05-27 11:05:55', NULL),
	(436, 108, 'Muat_footer', 323, 4, 'muat', 'subtraction', '2019-05-03 00:00:00', '2019-05-27 11:06:28', NULL),
	(437, 69, 'Muat_footer', 324, 4, 'muat', 'subtraction', '2019-05-03 00:00:00', '2019-05-27 11:06:28', NULL),
	(438, 2, 'Muat_footer', 325, 1, 'muat', 'subtraction', '2019-05-03 00:00:00', '2019-05-27 11:07:07', NULL),
	(439, 1, 'Muat_footer', 326, 25, 'muat', 'subtraction', '2019-05-03 00:00:00', '2019-05-27 11:07:07', NULL),
	(440, 7, 'Muat_footer', 327, 25, 'muat', 'subtraction', '2019-05-03 00:00:00', '2019-05-27 11:07:29', NULL),
	(441, 58, 'Muat_footer', 328, 1, 'muat', 'subtraction', '2019-05-03 00:00:00', '2019-05-27 11:07:58', NULL),
	(442, 59, 'Bongkar_footer', 114, 3, 'bongkar', 'addition', '2019-05-03 00:00:00', '2019-05-27 11:08:17', NULL),
	(443, 58, 'Bongkar_footer', 115, 3, 'bongkar', 'addition', '2019-05-03 00:00:00', '2019-05-27 11:08:17', NULL),
	(444, 104, 'Muat_footer', 329, 105, 'muat', 'subtraction', '2019-05-04 00:00:00', '2019-05-27 11:09:04', NULL),
	(445, 1, 'Bongkar_footer', 116, 200, 'bongkar', 'addition', '2019-05-04 00:00:00', '2019-05-27 11:10:33', NULL),
	(446, 7, 'Bongkar_footer', 117, 300, 'bongkar', 'addition', '2019-05-04 00:00:00', '2019-05-27 11:10:33', NULL),
	(447, 110, 'Bongkar_footer', 118, 1, 'bongkar', 'addition', '2019-05-04 00:00:00', '2019-05-27 11:10:33', NULL),
	(449, 30, 'Muat_footer', 330, 15, 'muat', 'subtraction', '2019-05-06 00:00:00', '2019-05-27 11:14:04', NULL),
	(450, 12, 'Muat_footer', 331, 50, 'muat', 'subtraction', '2019-05-06 00:00:00', '2019-05-27 11:14:27', NULL),
	(451, 1, 'Muat_footer', 332, 147, 'muat', 'subtraction', '2019-05-06 00:00:00', '2019-05-27 11:15:22', NULL),
	(452, 7, 'Muat_footer', 333, 3, 'muat', 'subtraction', '2019-05-06 00:00:00', '2019-05-27 11:15:22', NULL),
	(453, 110, 'Muat_footer', 334, 1, 'muat', 'subtraction', '2019-05-06 00:00:00', '2019-05-27 11:15:22', NULL),
	(454, 93, 'Muat_footer', 335, 4, 'muat', 'subtraction', '2019-05-06 00:00:00', '2019-05-27 11:16:19', NULL),
	(455, 62, 'Muat_footer', 336, 6, 'muat', 'subtraction', '2019-05-06 00:00:00', '2019-05-27 11:16:19', NULL),
	(456, 98, 'Muat_footer', 337, 10, 'muat', 'subtraction', '2019-05-07 00:00:00', '2019-05-27 11:17:35', NULL),
	(457, 111, 'Bongkar_footer', 120, 106, 'bongkar', 'addition', '2019-05-07 00:00:00', '2019-05-27 11:18:17', NULL),
	(458, 8, 'Muat_footer', 338, 10, 'muat', 'subtraction', '2019-05-07 00:00:00', '2019-05-27 11:18:44', NULL),
	(459, 58, 'Bongkar_footer', 121, 3, 'bongkar', 'addition', '2019-05-07 00:00:00', '2019-05-27 11:19:00', NULL),
	(460, 40, 'Muat_footer', 339, 5, 'muat', 'subtraction', '2019-05-07 00:00:00', '2019-05-27 11:19:26', NULL),
	(461, 112, 'Bongkar_footer', 122, 174, 'bongkar', 'addition', '2019-05-08 00:00:00', '2019-05-27 11:21:44', NULL),
	(462, 113, 'Bongkar_footer', 123, 344, 'bongkar', 'addition', '2019-05-08 00:00:00', '2019-05-27 11:21:45', NULL),
	(463, 104, 'Muat_footer', 340, 34, 'muat', 'subtraction', '2019-05-08 00:00:00', '2019-05-27 11:22:24', NULL),
	(464, 105, 'Muat_footer', 341, 16, 'muat', 'subtraction', '2019-05-08 00:00:00', '2019-05-27 11:22:24', NULL),
	(465, 5, 'Muat_footer', 342, 7, 'muat', 'subtraction', '2019-05-08 00:00:00', '2019-05-27 11:22:52', NULL),
	(466, 58, 'Muat_footer', 343, 5, 'muat', 'subtraction', '2019-05-08 00:00:00', '2019-05-27 11:23:10', NULL),
	(467, 113, 'Muat_footer', 344, 100, 'muat', 'subtraction', '2019-05-09 00:00:00', '2019-07-03 20:29:51', NULL),
	(468, 101, 'Muat_footer', 345, 25, 'muat', 'subtraction', '2019-05-09 00:00:00', '2019-05-27 11:34:42', NULL),
	(469, 98, 'Muat_footer', 346, 78, 'muat', 'subtraction', '2019-05-09 00:00:00', '2019-05-27 11:34:42', NULL),
	(470, 1, 'Bongkar_footer', 124, 170, 'bongkar', 'addition', '2019-05-09 00:00:00', '2019-05-27 11:35:14', NULL),
	(471, 7, 'Bongkar_footer', 125, 330, 'bongkar', 'addition', '2019-05-09 00:00:00', '2019-05-27 11:35:14', NULL),
	(472, 3, 'Muat_footer', 347, 6, 'muat', 'subtraction', '2019-05-09 00:00:00', '2019-05-27 11:36:20', NULL),
	(473, 6, 'Muat_footer', 348, 7, 'muat', 'subtraction', '2019-05-09 00:00:00', '2019-05-27 11:36:21', NULL),
	(474, 1, 'Muat_footer', 349, 50, 'muat', 'subtraction', '2019-05-09 00:00:00', '2019-05-27 11:36:21', NULL),
	(475, 7, 'Muat_footer', 350, 50, 'muat', 'subtraction', '2019-05-09 00:00:00', '2019-05-27 11:36:21', NULL),
	(476, 8, 'Muat_footer', 351, 1, 'muat', 'subtraction', '2019-05-09 00:00:00', '2019-05-27 11:36:22', NULL),
	(477, 69, 'Muat_footer', 352, 4, 'muat', 'subtraction', '2019-05-10 00:00:00', '2019-05-27 11:38:30', NULL),
	(478, 31, 'Muat_footer', 353, 25, 'muat', 'subtraction', '2019-05-10 00:00:00', '2019-05-27 11:39:05', NULL),
	(479, 113, 'Muat_footer', 354, 2, 'muat', 'subtraction', '2019-05-10 00:00:00', '2019-05-27 11:39:05', NULL),
	(480, 27, 'Muat_footer', 355, 42, 'muat', 'subtraction', '2019-05-10 00:00:00', '2019-05-27 11:39:05', NULL),
	(481, 107, 'Muat_footer', 356, 4, 'muat', 'subtraction', '2019-05-11 00:00:00', '2019-05-27 11:54:21', NULL),
	(482, 16, 'Muat_footer', 357, 40, 'muat', 'subtraction', '2019-05-11 00:00:00', '2019-05-27 11:54:44', NULL),
	(483, 61, 'Muat_footer', 358, 5, 'muat', 'subtraction', '2019-05-13 00:00:00', '2019-05-27 13:31:50', NULL),
	(484, 60, 'Muat_footer', 359, 9, 'muat', 'subtraction', '2019-05-13 00:00:00', '2019-05-27 13:31:51', NULL),
	(485, 114, 'Bongkar_footer', 126, 165, 'bongkar', 'addition', '2019-05-13 00:00:00', '2019-05-27 13:32:26', NULL),
	(486, 66, 'Muat_footer', 360, 90, 'muat', 'subtraction', '2019-05-13 00:00:00', '2019-05-27 13:33:17', NULL),
	(487, 30, 'Muat_footer', 361, 5, 'muat', 'subtraction', '2019-05-13 00:00:00', '2019-05-27 13:33:17', NULL),
	(488, 6, 'Muat_footer', 362, 5, 'muat', 'subtraction', '2019-05-13 00:00:00', '2019-05-27 13:33:57', NULL),
	(489, 7, 'Muat_footer', 363, 150, 'muat', 'subtraction', '2019-05-13 00:00:00', '2019-05-27 13:33:57', NULL),
	(490, 57, 'Muat_footer', 364, 10, 'muat', 'subtraction', '2019-05-14 00:00:00', '2019-05-27 13:34:22', NULL),
	(491, 40, 'Bongkar_footer', 127, 80, 'bongkar', 'addition', '2019-05-14 00:00:00', '2019-05-27 13:35:21', NULL),
	(492, 41, 'Bongkar_footer', 128, 80, 'bongkar', 'addition', '2019-05-14 00:00:00', '2019-05-27 13:35:21', NULL),
	(493, 42, 'Bongkar_footer', 129, 260, 'bongkar', 'addition', '2019-05-14 00:00:00', '2019-05-27 13:35:21', NULL),
	(494, 35, 'Bongkar_footer', 130, 40, 'bongkar', 'addition', '2019-05-14 00:00:00', '2019-05-27 13:35:21', NULL),
	(495, 36, 'Bongkar_footer', 131, 40, 'bongkar', 'addition', '2019-05-14 00:00:00', '2019-05-27 13:35:21', NULL),
	(496, 37, 'Bongkar_footer', 132, 160, 'bongkar', 'addition', '2019-05-14 00:00:00', '2019-05-27 13:35:21', NULL),
	(497, 37, 'Muat_footer', 365, 80, 'muat', 'subtraction', '2019-05-14 00:00:00', '2019-05-27 13:35:59', NULL),
	(498, 42, 'Muat_footer', 366, 80, 'muat', 'subtraction', '2019-05-14 00:00:00', '2019-05-27 13:35:59', NULL),
	(499, 40, 'Muat_footer', 367, 20, 'muat', 'subtraction', '2019-05-14 00:00:00', '2019-05-27 13:36:00', NULL),
	(500, 17, 'Muat_footer', 368, 50, 'muat', 'subtraction', '2019-05-14 00:00:00', '2019-05-27 13:36:21', NULL),
	(501, 62, 'Bongkar_footer', 133, 27, 'bongkar', 'addition', '2019-05-14 00:00:00', '2019-05-27 13:37:11', NULL),
	(502, 75, 'Bongkar_footer', 134, 3, 'bongkar', 'addition', '2019-05-14 00:00:00', '2019-05-27 13:37:11', NULL),
	(503, 77, 'Muat_footer', 369, 8, 'muat', 'subtraction', '2019-05-14 00:00:00', '2019-05-27 13:37:36', NULL),
	(504, 42, 'Muat_footer', 370, 40, 'muat', 'subtraction', '2019-05-15 00:00:00', '2019-05-27 13:38:09', NULL),
	(505, 107, 'Muat_footer', 371, 11, 'muat', 'subtraction', '2019-05-15 00:00:00', '2019-05-27 13:38:39', NULL),
	(506, 75, 'Muat_footer', 372, 5, 'muat', 'subtraction', '2019-05-15 00:00:00', '2019-05-27 13:38:39', NULL),
	(507, 58, 'Muat_footer', 373, 1, 'muat', 'subtraction', '2019-05-15 00:00:00', '2019-05-27 13:38:53', NULL),
	(508, 77, 'Muat_footer', 374, 7, 'muat', 'subtraction', '2019-05-16 00:00:00', '2019-05-27 13:39:16', NULL),
	(509, 112, 'Muat_footer', 375, 105, 'muat', 'subtraction', '2019-05-16 00:00:00', '2019-05-27 13:39:36', NULL),
	(510, 52, 'Muat_footer', 376, 15, 'muat', 'subtraction', '2019-05-16 00:00:00', '2019-05-27 13:42:46', NULL),
	(511, 5, 'Muat_footer', 377, 2, 'muat', 'subtraction', '2019-05-16 00:00:00', '2019-05-27 13:43:31', NULL),
	(512, 1, 'Muat_footer', 378, 30, 'muat', 'subtraction', '2019-05-16 00:00:00', '2019-05-27 13:43:31', NULL),
	(513, 7, 'Muat_footer', 379, 55, 'muat', 'subtraction', '2019-05-16 00:00:00', '2019-05-27 13:43:31', NULL),
	(514, 30, 'Muat_footer', 380, 20, 'muat', 'subtraction', '2019-05-17 00:00:00', '2019-05-27 13:44:06', NULL),
	(515, 62, 'Muat_footer', 381, 8, 'muat', 'subtraction', '2019-05-17 00:00:00', '2019-05-27 13:44:32', NULL),
	(516, 7, 'Bongkar_footer', 135, 500, 'bongkar', 'addition', '2019-05-17 00:00:00', '2019-05-27 13:45:03', NULL),
	(517, 1, 'Bongkar_footer', 136, 20, 'bongkar', 'addition', '2019-05-17 00:00:00', '2019-05-27 13:45:03', NULL),
	(518, 1, 'Muat_footer', 382, 95, 'muat', 'subtraction', '2019-05-17 00:00:00', '2019-05-27 13:45:42', NULL),
	(519, 7, 'Muat_footer', 383, 55, 'muat', 'subtraction', '2019-05-17 00:00:00', '2019-05-27 13:45:42', NULL),
	(520, 8, 'Muat_footer', 384, 22, 'muat', 'subtraction', '2019-05-17 00:00:00', '2019-05-27 13:45:42', NULL),
	(521, 113, 'Muat_footer', 385, 100, 'muat', 'subtraction', '2019-05-18 00:00:00', '2019-05-27 13:46:13', NULL),
	(522, 7, 'Muat_footer', 386, 150, 'muat', 'subtraction', '2019-05-18 00:00:00', '2019-05-27 13:46:42', NULL),
	(523, 1, 'Muat_footer', 387, 50, 'muat', 'subtraction', '2019-05-18 00:00:00', '2019-05-27 13:46:42', NULL),
	(524, 58, 'Bongkar_footer', 137, 6, 'bongkar', 'addition', '2019-05-18 00:00:00', '2019-05-27 13:46:59', NULL),
	(525, 1, 'Muat_footer', 388, 120, 'muat', 'subtraction', '2019-05-20 00:00:00', '2019-05-27 13:47:57', NULL),
	(526, 7, 'Muat_footer', 389, 10, 'muat', 'subtraction', '2019-05-20 00:00:00', '2019-05-27 13:47:57', NULL),
	(527, 8, 'Muat_footer', 390, 75, 'muat', 'subtraction', '2019-05-20 00:00:00', '2019-05-27 13:47:57', NULL),
	(528, 58, 'Muat_footer', 391, 5, 'muat', 'subtraction', '2019-05-20 00:00:00', '2019-05-27 13:48:17', NULL),
	(529, 42, 'Muat_footer', 392, 40, 'muat', 'subtraction', '2019-05-21 00:00:00', '2019-05-27 13:48:54', NULL),
	(530, 41, 'Muat_footer', 393, 9, 'muat', 'subtraction', '2019-05-21 00:00:00', '2019-05-27 13:48:54', NULL),
	(531, 12, 'Muat_footer', 394, 37, 'muat', 'subtraction', '2019-05-21 00:00:00', '2019-05-27 13:49:33', NULL),
	(532, 25, 'Muat_footer', 395, 34, 'muat', 'subtraction', '2019-05-21 00:00:00', '2019-05-27 13:49:33', NULL),
	(533, 9, 'Muat_footer', 396, 5, 'muat', 'subtraction', '2019-05-21 00:00:00', '2019-05-27 13:49:33', NULL),
	(534, 3, 'Muat_footer', 397, 1, 'muat', 'subtraction', '2019-05-21 00:00:00', '2019-05-27 13:50:12', NULL),
	(535, 1, 'Muat_footer', 398, 30, 'muat', 'subtraction', '2019-05-21 00:00:00', '2019-05-27 13:50:12', NULL),
	(536, 7, 'Muat_footer', 399, 40, 'muat', 'subtraction', '2019-05-21 00:00:00', '2019-05-27 13:50:12', NULL),
	(537, 101, 'Muat_footer', 400, 100, 'muat', 'subtraction', '2019-05-22 00:00:00', '2019-05-27 13:50:34', NULL),
	(538, 1, 'Muat_footer', 401, 80, 'muat', 'subtraction', '2019-05-22 00:00:00', '2019-05-27 13:51:10', NULL),
	(539, 7, 'Muat_footer', 402, 21, 'muat', 'subtraction', '2019-05-22 00:00:00', '2019-05-27 13:51:10', NULL),
	(540, 8, 'Muat_footer', 403, 5, 'muat', 'subtraction', '2019-05-22 00:00:00', '2019-05-27 13:51:10', NULL),
	(541, 13, 'Muat_footer', 404, 57, 'muat', 'subtraction', '2019-05-23 00:00:00', '2019-05-27 13:52:07', NULL),
	(542, 113, 'Muat_footer', 405, 10, 'muat', 'subtraction', '2019-05-23 00:00:00', '2019-05-27 13:52:07', NULL),
	(543, 114, 'Muat_footer', 406, 31, 'muat', 'subtraction', '2019-05-23 00:00:00', '2019-05-27 13:52:07', NULL),
	(544, 112, 'Muat_footer', 407, 69, 'muat', 'subtraction', '2019-05-23 00:00:00', '2019-05-27 13:52:07', NULL),
	(545, 1, 'Muat_footer', 408, 100, 'muat', 'subtraction', '2019-05-23 00:00:00', '2019-05-27 13:52:39', NULL),
	(546, 7, 'Muat_footer', 409, 65, 'muat', 'subtraction', '2019-05-23 00:00:00', '2019-05-27 13:52:39', NULL),
	(547, 62, 'Muat_footer', 410, 18, 'muat', 'subtraction', '2019-05-24 00:00:00', '2019-05-27 13:53:34', NULL),
	(548, 75, 'Muat_footer', 411, 2, 'muat', 'subtraction', '2019-05-24 00:00:00', '2019-05-27 13:53:34', NULL),
	(549, 1, 'Muat_footer', 412, 95, 'muat', 'subtraction', '2019-05-24 00:00:00', '2019-05-27 13:54:01', NULL),
	(550, 108, 'Muat_footer', 413, 3, 'muat', 'subtraction', '2019-05-25 00:00:00', '2019-05-27 13:54:31', NULL),
	(551, 69, 'Muat_footer', 414, 5, 'muat', 'subtraction', '2019-05-25 00:00:00', '2019-05-27 13:54:31', NULL),
	(552, 16, 'Muat_footer', 415, 20, 'muat', 'subtraction', '2019-05-25 00:00:00', '2019-05-27 13:54:57', NULL),
	(553, 11, 'Muat_footer', 416, 20, 'muat', 'subtraction', '2019-05-25 00:00:00', '2019-05-27 13:54:58', NULL),
	(554, 7, 'Bongkar_footer', 138, 535, 'bongkar', 'addition', '2019-05-25 00:00:00', '2019-05-27 13:55:14', NULL),
	(555, 1, 'Muat_footer', 417, 60, 'muat', 'subtraction', '2019-05-25 00:00:00', '2019-05-27 13:55:45', NULL),
	(556, 115, 'Bongkar_footer', 139, 65, 'bongkar', 'addition', '2019-05-27 00:00:00', '2019-05-28 15:48:34', NULL),
	(557, 116, 'Bongkar_footer', 140, 65, 'bongkar', 'addition', '2019-05-27 00:00:00', '2019-05-28 15:48:34', NULL),
	(558, 84, 'Muat_footer', 418, 10, 'muat', 'subtraction', '2019-05-27 00:00:00', '2019-05-28 15:48:58', NULL),
	(559, 75, 'Muat_footer', 419, 18, 'muat', 'subtraction', '2019-05-27 00:00:00', '2019-05-28 15:49:40', NULL),
	(560, 89, 'Muat_footer', 420, 6, 'muat', 'subtraction', '2019-05-27 00:00:00', '2019-05-28 15:49:40', NULL),
	(561, 90, 'Muat_footer', 421, 5, 'muat', 'subtraction', '2019-05-27 00:00:00', '2019-05-28 15:49:40', NULL),
	(562, 60, 'Muat_footer', 422, 22, 'muat', 'subtraction', '2019-05-28 00:00:00', '2019-05-29 13:06:04', NULL),
	(563, 90, 'Muat_footer', 423, 7, 'muat', 'subtraction', '2019-05-28 00:00:00', '2019-05-29 13:06:04', NULL),
	(564, 75, 'Muat_footer', 424, 4, 'muat', 'subtraction', '2019-05-28 00:00:00', '2019-05-29 13:06:04', NULL),
	(565, 31, 'Muat_footer', 425, 10, 'muat', 'subtraction', '2019-05-28 00:00:00', '2019-05-29 13:06:25', NULL),
	(566, 5, 'Muat_footer', 426, 2, 'muat', 'subtraction', '2019-05-28 00:00:00', '2019-05-29 13:07:05', NULL),
	(567, 1, 'Muat_footer', 427, 10, 'muat', 'subtraction', '2019-05-28 00:00:00', '2019-05-29 13:07:06', NULL),
	(568, 7, 'Muat_footer', 428, 10, 'muat', 'subtraction', '2019-05-28 00:00:00', '2019-05-29 13:07:06', NULL),
	(569, 8, 'Muat_footer', 429, 50, 'muat', 'subtraction', '2019-05-28 00:00:00', '2019-05-29 13:07:06', NULL),
	(570, 58, 'Muat_footer', 430, 5, 'muat', 'subtraction', '2019-05-28 00:00:00', '2019-05-29 13:07:20', NULL),
	(571, 60, 'Muat_footer', 431, 3, 'muat', 'subtraction', '2019-05-29 00:00:00', '2019-05-29 13:09:53', NULL),
	(572, 62, 'Muat_footer', 432, 23, 'muat', 'subtraction', '2019-05-29 00:00:00', '2019-05-29 13:09:53', NULL),
	(573, 59, 'Muat_footer', 433, 2, 'muat', 'subtraction', '2019-05-04 00:00:00', '2019-05-29 13:49:38', NULL),
	(574, 62, 'Muat_footer', 434, 14, 'muat', 'subtraction', '2019-06-11 00:00:00', '2019-07-03 20:40:11', NULL),
	(575, 62, 'Muat_footer', 435, 22, 'muat', 'subtraction', '2019-06-12 00:00:00', '2019-07-03 20:42:25', NULL),
	(576, 15, 'Muat_footer', 436, 60, 'muat', 'subtraction', '2019-06-12 00:00:00', '2019-07-03 20:42:59', NULL),
	(577, 3, 'Muat_footer', 437, 1, 'muat', 'subtraction', '2019-06-12 00:00:00', '2019-07-03 20:43:44', NULL),
	(578, 1, 'Muat_footer', 438, 100, 'muat', 'subtraction', '2019-06-12 00:00:00', '2019-07-03 20:43:44', NULL),
	(579, 7, 'Muat_footer', 439, 150, 'muat', 'subtraction', '2019-06-12 00:00:00', '2019-07-03 20:43:44', NULL),
	(580, 42, 'Muat_footer', 440, 20, 'muat', 'subtraction', '2019-06-13 00:00:00', '2019-07-03 20:44:41', NULL),
	(581, 41, 'Muat_footer', 441, 12, 'muat', 'subtraction', '2019-06-13 00:00:00', '2019-07-03 20:44:41', NULL),
	(582, 37, 'Muat_footer', 442, 40, 'muat', 'subtraction', '2019-06-13 00:00:00', '2019-07-03 20:44:41', NULL),
	(583, 36, 'Muat_footer', 443, 5, 'muat', 'subtraction', '2019-06-13 00:00:00', '2019-07-03 20:44:41', NULL),
	(584, 3, 'Muat_footer', 444, 3, 'muat', 'subtraction', '2019-06-13 00:00:00', '2019-07-03 20:45:35', NULL),
	(585, 7, 'Muat_footer', 445, 15, 'muat', 'subtraction', '2019-06-13 00:00:00', '2019-07-03 20:45:35', NULL),
	(586, 1, 'Muat_footer', 446, 40, 'muat', 'subtraction', '2019-06-13 00:00:00', '2019-07-03 20:45:35', NULL),
	(587, 8, 'Muat_footer', 447, 127, 'muat', 'subtraction', '2019-06-13 00:00:00', '2019-07-03 20:45:35', NULL),
	(588, 117, 'Bongkar_footer', 141, 3, 'bongkar', 'addition', '2019-06-14 00:00:00', '2019-07-03 21:00:55', NULL),
	(589, 118, 'Bongkar_footer', 142, 2, 'bongkar', 'addition', '2019-06-14 00:00:00', '2019-07-03 21:00:55', NULL),
	(590, 119, 'Bongkar_footer', 143, 2, 'bongkar', 'addition', '2019-06-14 00:00:00', '2019-07-03 21:00:55', NULL),
	(591, 119, 'Muat_footer', 448, 1, 'muat', 'subtraction', '2019-06-14 00:00:00', '2019-07-03 21:01:37', NULL),
	(592, 5, 'Muat_footer', 449, 1, 'muat', 'subtraction', '2019-06-14 00:00:00', '2019-07-03 21:02:25', NULL),
	(593, 120, 'Bongkar_footer', 144, 1, 'bongkar', 'addition', '2019-06-15 00:00:00', '2019-07-03 21:07:00', NULL),
	(594, 121, 'Bongkar_footer', 145, 1, 'bongkar', 'addition', '2019-06-15 00:00:00', '2019-07-03 21:07:00', NULL),
	(595, 52, 'Muat_footer', 450, 15, 'muat', 'subtraction', '2019-06-15 00:00:00', '2019-07-03 21:09:50', NULL),
	(596, 7, 'Muat_footer', 451, 50, 'muat', 'subtraction', '2019-06-15 00:00:00', '2019-07-03 21:10:52', NULL),
	(597, 121, 'Muat_footer', 452, 1, 'muat', 'subtraction', '2019-06-15 00:00:00', '2019-07-03 21:11:35', NULL),
	(598, 95, 'Muat_footer', 453, 100, 'muat', 'subtraction', '2019-06-17 00:00:00', '2019-07-03 21:12:47', NULL),
	(599, 52, 'Muat_footer', 454, 15, 'muat', 'subtraction', '2019-06-17 00:00:00', '2019-07-03 21:13:13', NULL),
	(600, 3, 'Muat_footer', 455, 4, 'muat', 'subtraction', '2019-06-17 00:00:00', '2019-07-03 21:13:47', NULL),
	(601, 1, 'Muat_footer', 456, 52, 'muat', 'subtraction', '2019-06-17 00:00:00', '2019-07-03 21:13:47', NULL),
	(602, 42, 'Muat_footer', 457, 60, 'muat', 'subtraction', '2019-06-18 00:00:00', '2019-07-03 21:15:49', NULL),
	(603, 37, 'Muat_footer', 458, 40, 'muat', 'subtraction', '2019-06-18 00:00:00', '2019-07-03 21:15:49', NULL),
	(604, 57, 'Muat_footer', 459, 10, 'muat', 'subtraction', '2019-06-18 00:00:00', '2019-07-03 21:16:15', NULL),
	(605, 114, 'Muat_footer', 460, 100, 'muat', 'subtraction', '2019-06-18 00:00:00', '2019-07-03 21:16:36', NULL),
	(606, 62, 'Muat_footer', 461, 10, 'muat', 'subtraction', '2019-06-18 00:00:00', '2019-07-03 21:16:59', NULL),
	(607, 7, 'Muat_footer', 462, 225, 'muat', 'subtraction', '2019-06-18 00:00:00', '2019-07-03 21:17:19', NULL),
	(608, 84, 'Muat_footer', 463, 5, 'muat', 'subtraction', '2019-06-19 00:00:00', '2019-07-03 21:18:29', NULL),
	(609, 82, 'Muat_footer', 464, 5, 'muat', 'subtraction', '2019-06-19 00:00:00', '2019-07-03 21:18:29', NULL),
	(610, 113, 'Muat_footer', 465, 100, 'muat', 'subtraction', '2019-06-19 00:00:00', '2019-07-03 21:18:56', NULL),
	(611, 62, 'Muat_footer', 466, 14, 'muat', 'subtraction', '2019-06-19 00:00:00', '2019-07-03 21:19:19', NULL),
	(612, 122, 'Bongkar_footer', 146, 15, 'bongkar', 'addition', '2019-06-19 00:00:00', '2019-07-03 21:21:42', NULL),
	(613, 123, 'Bongkar_footer', 147, 15, 'bongkar', 'addition', '2019-06-19 00:00:00', '2019-07-03 21:21:42', NULL),
	(614, 58, 'Bongkar_footer', 148, 6, 'bongkar', 'addition', '2019-06-19 00:00:00', '2019-07-03 21:22:05', NULL),
	(615, 58, 'Muat_footer', 467, 5, 'muat', 'subtraction', '2019-06-19 00:00:00', '2019-07-03 21:22:23', NULL),
	(616, 37, 'Muat_footer', 468, 20, 'muat', 'subtraction', '2019-06-20 00:00:00', '2019-07-03 21:23:03', NULL),
	(617, 35, 'Muat_footer', 469, 12, 'muat', 'subtraction', '2019-06-20 00:00:00', '2019-07-03 21:23:54', NULL),
	(618, 42, 'Muat_footer', 470, 12, 'muat', 'subtraction', '2019-06-20 00:00:00', '2019-07-03 21:23:54', NULL),
	(619, 31, 'Muat_footer', 471, 70, 'muat', 'subtraction', '2019-06-20 00:00:00', '2019-07-03 21:24:21', NULL),
	(620, 122, 'Muat_footer', 472, 6, 'muat', 'subtraction', '2019-06-20 00:00:00', '2019-07-03 21:25:16', NULL),
	(621, 59, 'Muat_footer', 473, 1, 'muat', 'subtraction', '2019-06-20 00:00:00', '2019-07-03 21:25:31', NULL),
	(622, 96, 'Muat_footer', 474, 85, 'muat', 'subtraction', '2019-06-21 00:00:00', '2019-07-03 21:26:22', NULL),
	(623, 62, 'Muat_footer', 475, 8, 'muat', 'subtraction', '2019-06-21 00:00:00', '2019-07-03 21:26:48', NULL),
	(624, 123, 'Muat_footer', 476, 6, 'muat', 'subtraction', '2019-06-21 00:00:00', '2019-07-03 21:27:34', NULL),
	(625, 7, 'Muat_footer', 477, 100, 'muat', 'subtraction', '2019-06-21 00:00:00', '2019-07-03 21:27:34', NULL),
	(626, 88, 'Bongkar_footer', 149, 10, 'bongkar', 'addition', '2019-06-21 00:00:00', '2019-07-03 21:29:45', NULL),
	(627, 87, 'Bongkar_footer', 150, 10, 'bongkar', 'addition', '2019-06-21 00:00:00', '2019-07-03 21:29:45', NULL),
	(628, 88, 'Muat_footer', 478, 10, 'muat', 'subtraction', '2019-06-21 00:00:00', '2019-07-03 21:30:09', NULL),
	(629, 87, 'Muat_footer', 479, 10, 'muat', 'subtraction', '2019-06-21 00:00:00', '2019-07-03 21:30:09', NULL),
	(630, 118, 'Muat_footer', 480, 2, 'muat', 'subtraction', '2019-06-21 00:00:00', '2019-07-03 21:30:59', NULL),
	(631, 119, 'Muat_footer', 481, 1, 'muat', 'subtraction', '2019-06-21 00:00:00', '2019-07-03 21:30:59', NULL),
	(632, 120, 'Muat_footer', 482, 1, 'muat', 'subtraction', '2019-06-21 00:00:00', '2019-07-03 21:30:59', NULL),
	(633, 43, 'Muat_footer', 483, 360, 'muat', 'subtraction', '2019-06-22 00:00:00', '2019-07-03 21:31:28', NULL),
	(634, 62, 'Muat_footer', 484, 4, 'muat', 'subtraction', '2019-06-22 00:00:00', '2019-07-03 21:31:38', NULL),
	(635, 8, 'Bongkar_footer', 151, 80, 'bongkar', 'addition', '2019-06-22 00:00:00', '2019-07-03 21:32:18', NULL),
	(636, 1, 'Bongkar_footer', 152, 150, 'bongkar', 'addition', '2019-06-22 00:00:00', '2019-07-03 21:32:18', NULL),
	(637, 3, 'Muat_footer', 485, 4, 'muat', 'subtraction', '2019-06-22 00:00:00', '2019-07-03 21:33:09', NULL),
	(638, 123, 'Muat_footer', 486, 2, 'muat', 'subtraction', '2019-06-22 00:00:00', '2019-07-03 21:33:09', NULL),
	(639, 1, 'Muat_footer', 487, 75, 'muat', 'subtraction', '2019-06-22 00:00:00', '2019-07-03 21:33:09', NULL),
	(640, 84, 'Muat_footer', 488, 5, 'muat', 'subtraction', '2019-06-24 00:00:00', '2019-07-03 21:34:18', NULL),
	(641, 124, 'Bongkar_footer', 153, 13, 'bongkar', 'addition', '2019-06-24 00:00:00', '2019-07-03 21:37:20', NULL),
	(642, 125, 'Bongkar_footer', 154, 5, 'bongkar', 'addition', '2019-06-24 00:00:00', '2019-07-03 21:37:20', NULL),
	(643, 122, 'Bongkar_footer', 155, 35, 'bongkar', 'addition', '2019-06-24 00:00:00', '2019-07-03 21:38:02', NULL),
	(644, 123, 'Bongkar_footer', 156, 5, 'bongkar', 'addition', '2019-06-24 00:00:00', '2019-07-03 21:38:02', NULL),
	(645, 8, 'Muat_footer', 489, 20, 'muat', 'subtraction', '2019-06-24 00:00:00', '2019-07-03 21:39:02', NULL),
	(646, 1, 'Muat_footer', 490, 75, 'muat', 'subtraction', '2019-06-24 00:00:00', '2019-07-03 21:39:02', NULL),
	(647, 84, 'Muat_footer', 491, 20, 'muat', 'subtraction', '2019-06-25 00:00:00', '2019-07-03 21:39:51', NULL),
	(648, 114, 'Muat_footer', 492, 34, 'muat', 'subtraction', '2019-06-25 00:00:00', '2019-07-03 21:40:09', NULL),
	(649, 2, 'Muat_footer', 493, 3, 'muat', 'subtraction', '2019-06-25 00:00:00', '2019-07-03 21:41:10', NULL),
	(650, 7, 'Muat_footer', 494, 90, 'muat', 'subtraction', '2019-06-25 00:00:00', '2019-07-03 21:41:10', NULL),
	(651, 42, 'Muat_footer', 495, 20, 'muat', 'subtraction', '2019-06-25 00:00:00', '2019-07-03 21:41:36', NULL),
	(652, 124, 'Bongkar_footer', 157, 25, 'bongkar', 'addition', '2019-06-25 00:00:00', '2019-07-03 21:42:07', NULL),
	(653, 113, 'Muat_footer', 496, 32, 'muat', 'subtraction', '2019-06-26 00:00:00', '2019-07-03 21:42:54', NULL),
	(654, 122, 'Muat_footer', 497, 4, 'muat', 'subtraction', '2019-06-26 00:00:00', '2019-07-03 21:43:51', NULL),
	(655, 8, 'Muat_footer', 498, 20, 'muat', 'subtraction', '2019-06-26 00:00:00', '2019-07-03 21:43:51', NULL),
	(656, 125, 'Bongkar_footer', 158, 15, 'bongkar', 'addition', '2019-06-26 00:00:00', '2019-07-03 21:48:06', NULL),
	(657, 126, 'Bongkar_footer', 159, 15, 'bongkar', 'addition', '2019-06-26 00:00:00', '2019-07-03 21:48:06', NULL),
	(658, 127, 'Bongkar_footer', 160, 77, 'bongkar', 'addition', '2019-06-26 00:00:00', '2019-07-03 21:57:59', NULL),
	(659, 128, 'Bongkar_footer', 161, 215, 'bongkar', 'addition', '2019-06-26 00:00:00', '2019-07-03 21:57:59', NULL),
	(660, 127, 'Muat_footer', 499, 77, 'muat', 'subtraction', '2019-06-27 00:00:00', '2019-07-03 21:58:43', NULL),
	(661, 123, 'Bongkar_footer', 162, 17, 'bongkar', 'addition', '2019-06-27 00:00:00', '2019-07-03 22:00:12', NULL),
	(662, 3, 'Bongkar_footer', 163, 3, 'bongkar', 'addition', '2019-06-27 00:00:00', '2019-07-03 22:00:12', NULL),
	(663, 1, 'Bongkar_footer', 164, 350, 'bongkar', 'addition', '2019-06-27 00:00:00', '2019-07-03 22:00:13', NULL),
	(664, 122, 'Muat_footer', 500, 3, 'muat', 'subtraction', '2019-06-27 00:00:00', '2019-07-03 22:01:28', NULL),
	(665, 2, 'Muat_footer', 501, 1, 'muat', 'subtraction', '2019-06-27 00:00:00', '2019-07-03 22:01:28', NULL),
	(666, 7, 'Muat_footer', 502, 20, 'muat', 'subtraction', '2019-06-27 00:00:00', '2019-07-03 22:01:28', NULL),
	(667, 1, 'Muat_footer', 503, 10, 'muat', 'subtraction', '2019-06-27 00:00:00', '2019-07-03 22:01:28', NULL),
	(668, 8, 'Muat_footer', 504, 10, 'muat', 'subtraction', '2019-06-27 00:00:00', '2019-07-03 22:01:28', NULL),
	(669, 129, 'Bongkar_footer', 165, 16, 'bongkar', 'addition', '2019-06-27 00:00:00', '2019-07-03 22:06:42', NULL),
	(670, 130, 'Bongkar_footer', 166, 1, 'bongkar', 'addition', '2019-06-27 00:00:00', '2019-07-03 22:06:42', NULL),
	(671, 131, 'Bongkar_footer', 167, 24, 'bongkar', 'addition', '2019-06-27 00:00:00', '2019-07-03 22:06:42', NULL),
	(672, 132, 'Bongkar_footer', 168, 16, 'bongkar', 'addition', '2019-06-27 00:00:00', '2019-07-03 22:06:42', NULL),
	(673, 133, 'Bongkar_footer', 169, 1, 'bongkar', 'addition', '2019-06-27 00:00:00', '2019-07-03 22:06:42', NULL),
	(674, 134, 'Bongkar_footer', 170, 1, 'bongkar', 'addition', '2019-06-27 00:00:00', '2019-07-03 22:06:42', NULL),
	(675, 125, 'Bongkar_footer', 171, 7, 'bongkar', 'addition', '2019-06-27 00:00:00', '2019-07-03 22:06:42', NULL),
	(676, 124, 'Bongkar_footer', 172, 50, 'bongkar', 'addition', '2019-06-27 00:00:00', '2019-07-03 22:06:42', NULL),
	(677, 135, 'Bongkar_footer', 173, 525, 'bongkar', 'addition', '2019-06-28 00:00:00', '2019-07-04 07:21:10', NULL),
	(678, 39, 'Muat_footer', 505, 15, 'muat', 'subtraction', '2019-06-28 00:00:00', '2019-07-04 07:22:04', NULL),
	(679, 3, 'Bongkar_footer', 174, 17, 'bongkar', 'addition', '2019-06-28 00:00:00', '2019-07-04 07:22:59', NULL),
	(680, 122, 'Bongkar_footer', 175, 11, 'bongkar', 'addition', '2019-06-28 00:00:00', '2019-07-04 07:22:59', NULL),
	(681, 1, 'Muat_footer', 506, 250, 'muat', 'subtraction', '2019-06-28 00:00:00', '2019-07-04 07:23:38', NULL),
	(682, 124, 'Bongkar_footer', 176, 30, 'bongkar', 'addition', '2019-06-28 00:00:00', '2019-07-04 07:26:44', NULL),
	(683, 136, 'Bongkar_footer', 177, 6, 'bongkar', 'addition', '2019-06-28 00:00:00', '2019-07-04 07:26:44', NULL),
	(684, 137, 'Bongkar_footer', 178, 16, 'bongkar', 'addition', '2019-06-28 00:00:00', '2019-07-04 07:26:44', NULL),
	(685, 138, 'Bongkar_footer', 179, 16, 'bongkar', 'addition', '2019-06-28 00:00:00', '2019-07-04 07:26:44', NULL),
	(686, 139, 'Bongkar_footer', 180, 1, 'bongkar', 'addition', '2019-06-28 00:00:00', '2019-07-04 07:27:57', NULL),
	(687, 140, 'Bongkar_footer', 181, 8, 'bongkar', 'addition', '2019-06-28 00:00:00', '2019-07-04 07:27:57', NULL),
	(688, 141, 'Bongkar_footer', 182, 104, 'bongkar', 'addition', '2019-06-28 00:00:00', '2019-07-04 07:30:01', NULL),
	(689, 142, 'Bongkar_footer', 183, 104, 'bongkar', 'addition', '2019-06-28 00:00:00', '2019-07-04 07:30:01', NULL),
	(690, 143, 'Bongkar_footer', 184, 19, 'bongkar', 'addition', '2019-06-28 00:00:00', '2019-07-04 07:30:01', NULL),
	(691, 144, 'Bongkar_footer', 185, 19, 'bongkar', 'addition', '2019-06-28 00:00:00', '2019-07-04 07:30:01', NULL),
	(692, 8, 'Bongkar_footer', 186, 100, 'bongkar', 'addition', '2019-06-29 00:00:00', '2019-07-04 07:30:43', NULL),
	(693, 1, 'Bongkar_footer', 187, 400, 'bongkar', 'addition', '2019-06-29 00:00:00', '2019-07-04 07:30:43', NULL),
	(694, 3, 'Muat_footer', 507, 4, 'muat', 'subtraction', '2019-06-29 00:00:00', '2019-07-04 07:31:39', NULL),
	(695, 8, 'Muat_footer', 508, 75, 'muat', 'subtraction', '2019-06-29 00:00:00', '2019-07-04 07:31:39', NULL),
	(696, 1, 'Muat_footer', 509, 8, 'muat', 'subtraction', '2019-06-29 00:00:00', '2019-07-04 07:31:39', NULL),
	(697, 7, 'Muat_footer', 510, 2, 'muat', 'subtraction', '2019-06-29 00:00:00', '2019-07-04 07:31:39', NULL);
/*!40000 ALTER TABLE `itemlogs` ENABLE KEYS */;

-- Dumping structure for table warehouse.items
CREATE TABLE IF NOT EXISTS `items` (
  `id` int(10) unsigned NOT NULL AUTO_INCREMENT,
  `category_id` int(11) unsigned NOT NULL DEFAULT '0',
  `client_id` int(10) unsigned NOT NULL,
  `name` varchar(191) COLLATE utf8mb4_unicode_ci NOT NULL,
  `unit_name` varchar(191) COLLATE utf8mb4_unicode_ci NOT NULL,
  `qty` int(11) NOT NULL DEFAULT '0',
  `created_at` timestamp NULL DEFAULT NULL,
  `updated_at` timestamp NULL DEFAULT NULL,
  `deleted_at` timestamp NULL DEFAULT NULL,
  PRIMARY KEY (`id`),
  KEY `FK_items_item_category` (`category_id`)
) ENGINE=InnoDB AUTO_INCREMENT=145 DEFAULT CHARSET=utf8mb4 COLLATE=utf8mb4_unicode_ci;

-- Dumping data for table warehouse.items: ~143 rows (approximately)
/*!40000 ALTER TABLE `items` DISABLE KEYS */;
REPLACE INTO `items` (`id`, `category_id`, `client_id`, `name`, `unit_name`, `qty`, `created_at`, `updated_at`, `deleted_at`) VALUES
	(1, 7, 2, 'Karton Yellow Board No. 30 LB', 'Pak', 482, '2019-03-19 10:31:42', '2019-07-04 07:31:39', NULL),
	(2, 8, 2, 'Yellow Board Q1 350gr 66x78 @10pak', 'Bale', 4, '2019-03-19 10:31:42', '2019-07-03 22:01:28', NULL),
	(3, 9, 2, 'Yellow Board Q1 200gr 66x78 @15pak', 'Bale', 17, '2019-03-19 10:31:42', '2019-07-04 07:31:39', NULL),
	(4, 8, 2, 'Yellow Board Q1 450gr 66x78 @10pak', 'Bale', 0, '2019-03-19 10:31:42', '2019-04-30 09:44:19', NULL),
	(5, 8, 2, 'Yellow Board Q1 400gr 66x78 @10pak', 'Bale', 11, '2019-03-19 10:31:42', '2019-07-03 21:02:25', NULL),
	(6, 8, 2, 'Yellow Board Q1 500gr 66x78 @10pak', 'Bale', 0, '2019-03-19 10:31:42', '2019-05-27 13:33:57', NULL),
	(7, 7, 2, 'Karton Yellow Board No. 40', 'Pak', 1322, '2019-03-19 10:31:42', '2019-07-04 07:31:39', NULL),
	(8, 7, 2, 'Karton Yellow Board No. 30 Super', 'Pak', 55, '2019-03-19 10:31:42', '2019-07-04 07:31:39', NULL),
	(9, 2, 7, 'P5 Benang 150D/2 Grade B Sulindafin', 'Dus', 0, '2018-08-08 00:00:00', '2019-05-27 13:49:33', NULL),
	(10, 2, 7, 'P501 Benang 150D AM Sulindafin', 'Dus', 0, '2019-01-14 00:00:00', '2019-03-19 11:23:38', NULL),
	(11, 2, 7, 'P445 Benang 150D/2 Grade B Sulindafin', 'Dus', 92, '2019-02-15 00:00:00', '2019-05-27 13:54:58', NULL),
	(12, 2, 7, 'P290 Benang 150D/2 AEM Sulindafin', 'Dus', 0, '2019-02-01 00:00:00', '2019-05-27 13:49:33', NULL),
	(13, 2, 7, 'P167 Benang 300D AEM Sulindafin', 'Dus', 0, '2019-02-22 00:00:00', '2019-05-27 13:52:07', NULL),
	(14, 2, 7, 'P56 Benang 300D x(AN) AsiaPasifik', 'Dus', 0, '2018-10-29 00:00:00', '2019-03-19 13:37:24', NULL),
	(15, 2, 7, 'P100 Benang 300D AEM Sulindafin', 'Dus', 40, '2018-05-11 00:00:00', '2019-07-03 20:42:59', NULL),
	(16, 2, 7, 'P495 Benang 150D Grade B Sulindafin', 'Dus', 38, '2019-02-06 00:00:00', '2019-05-27 13:54:57', NULL),
	(17, 2, 7, 'P470 Benang 150D AsiaPasifik', 'Dus', 340, '2019-02-21 00:00:00', '2019-05-27 13:36:21', NULL),
	(18, 2, 7, 'P250 Benang 300D AEM MutuGading', 'Dus', 43, '2019-01-25 00:00:00', '2019-03-19 10:31:42', NULL),
	(19, 2, 7, 'P465 Benang 300D AsiaPasifik', 'Dus', 462, '2018-10-01 00:00:00', '2019-04-04 15:52:12', NULL),
	(20, 2, 7, 'P252 Benang 300D A AsiaPasifik', 'Dus', 0, '2019-01-11 00:00:00', '2019-03-19 12:04:23', NULL),
	(21, 2, 7, 'P164 Benang Polyester Hitam AsiaPasifik', 'Dus', 164, '2019-03-19 10:31:42', '2019-03-19 10:31:42', NULL),
	(22, 2, 7, 'P493 Benang Polyester Hitam AsiaPasifik', 'Dus', 493, '2019-03-19 10:31:42', '2019-03-19 10:31:42', NULL),
	(23, 2, 7, 'P428 Benang 150D AsiaPasifik', 'Dus', 428, '2019-01-23 00:00:00', '2019-03-19 10:31:42', NULL),
	(24, 2, 7, 'P450 Benang AM Sulindafin', 'Dus', 280, '2019-02-28 00:00:00', '2019-05-27 11:05:23', NULL),
	(25, 2, 7, 'P339 Benang 150D/2 AM Sulindafin', 'Dus', 0, '2019-01-30 00:00:00', '2019-05-27 13:49:33', NULL),
	(26, 2, 7, 'P168 Benang Polyester 300D DDB Grade AEM AsiaPasifik', 'Dus', 0, '2019-02-26 00:00:00', '2019-03-19 10:51:11', NULL),
	(27, 2, 7, 'P176 Benang 300D A. AsiaPasifik', 'Dus', 0, '2018-10-10 00:00:00', '2019-05-27 11:39:05', NULL),
	(28, 2, 7, 'P335 Benang 300D/2 AEM Sulindafin', 'Dus', 0, '2019-04-02 00:00:00', '2019-03-19 14:38:11', NULL),
	(29, 2, 7, 'P175 Benang 100D AM Sulindafin', 'Dus', 0, '2019-02-16 00:00:00', '2019-04-30 09:39:10', NULL),
	(30, 2, 7, 'P448 Benang 150D STD.A AsiaPasifik', 'Dus', 293, '2018-10-20 00:00:00', '2019-05-27 13:44:06', NULL),
	(31, 2, 7, 'P224 Benang 300D STD.A AsiaPasifik', 'Dus', 119, '2018-10-29 00:00:00', '2019-07-03 21:24:21', NULL),
	(32, 2, 7, 'P158 Benang 150D STD.A AsiaPasifik', 'Dus', 0, '2019-02-26 00:00:00', '2019-03-19 11:20:22', NULL),
	(33, 2, 7, 'P448 Benang 300D AsiaPasifik', 'Dus', 448, '2019-01-23 00:00:00', '2019-03-19 10:31:42', NULL),
	(34, 3, 7, 'Benang Polyester Warna Sipatex', 'Dus', 0, '2019-02-28 00:00:00', '2019-04-12 09:34:44', NULL),
	(35, 4, 5, 'CY 152', 'Pack', 114, '2019-02-11 00:00:00', '2019-07-03 21:23:54', NULL),
	(36, 4, 5, 'GM-1', 'Pack', 78, '2019-02-11 00:00:00', '2019-07-03 20:44:41', NULL),
	(37, 4, 5, 'YC 600', 'Pack', 177, '2019-02-22 00:00:00', '2019-07-03 21:23:03', NULL),
	(38, 4, 5, 'CY 181', 'Pack', 33, '2018-07-30 00:00:00', '2019-03-19 12:29:27', NULL),
	(39, 4, 5, 'BERMOCELL', 'Pack', 320, '2019-02-19 00:00:00', '2019-07-04 07:22:04', NULL),
	(40, 4, 5, 'R 661', 'Pack', 165, '2019-02-19 00:00:00', '2019-05-27 13:36:00', NULL),
	(41, 4, 5, 'CY 126', 'Pack', 101, '2019-02-22 00:00:00', '2019-07-03 20:44:41', NULL),
	(42, 4, 5, 'CY 111', 'Pack', 240, '2019-02-22 00:00:00', '2019-07-03 21:41:36', NULL),
	(43, 4, 5, 'Hydro Carbon R1100S', 'Pack', 0, '2019-01-18 00:00:00', '2019-07-03 21:31:28', NULL),
	(44, 4, 5, 'BERMOCELL EBM 8000 C20Kg', 'Pack', 63, '2019-01-23 00:00:00', '2019-03-22 10:39:13', NULL),
	(45, 4, 5, 'Hydro Carbon HK1688', 'Pack', 0, '2019-02-07 00:00:00', '2019-05-02 08:51:26', NULL),
	(46, 6, 3, 'P280 80/2 KONGARAR', 'Ball', 192, '2018-11-28 00:00:00', '2019-04-16 15:15:41', NULL),
	(47, 6, 3, 'P220 80/2 KONGARAR', 'Ball', 195, '2019-03-19 10:31:42', '2019-03-19 10:31:42', NULL),
	(48, 6, 3, 'P50 100/2 HIMALAYA', 'Ball', 28, '2019-03-19 10:31:42', '2019-03-19 10:31:42', NULL),
	(49, 6, 3, 'P59 80/2 GOLDEN PAGODA', 'Ball', 39, '2019-03-19 10:31:42', '2019-03-19 10:31:42', NULL),
	(50, 6, 3, 'P135 64/2 KONGARAR', 'Ball', 120, '2019-01-15 00:00:00', '2019-03-19 10:31:42', NULL),
	(51, 6, 3, 'P140 80/2 KONGARAR', 'Ball', 59, '2019-01-15 00:00:00', '2019-03-19 10:31:42', NULL),
	(52, 6, 3, 'P130 64/2 KONGARAR', 'Ball', 15, '2019-01-29 00:00:00', '2019-07-03 21:13:13', NULL),
	(53, 6, 3, 'P272 40/2 GOLDEN PAGODA', 'Ball', 220, '2018-11-28 00:00:00', '2019-03-19 10:31:42', NULL),
	(54, 22, 11, 'Casing 70gr 80x100 @12R Jkt', 'Ball', 0, '2019-02-25 00:00:00', '2019-03-29 13:00:28', NULL),
	(55, 21, 11, 'Kraf Samson 80gr 90x120 @10R UNIPA', 'Ball', 0, '2019-03-19 10:31:42', '2019-04-05 10:59:53', NULL),
	(56, 23, 12, 'Benang 140/2 RED BLOSSOM - 17/05/18', 'Ball', 0, '2019-02-14 00:00:00', '2019-03-29 14:19:57', NULL),
	(57, 23, 12, 'Benang 210/2 RED BLOSSOM - 25/02/19', 'Ball', 48, '2019-02-27 00:00:00', '2019-07-03 21:16:15', NULL),
	(58, 10, 1, 'Yellow Grease', 'Drum', 1, '2019-02-27 00:00:00', '2019-07-03 21:22:23', NULL),
	(59, 10, 1, 'Drum Hitam', 'Drum', 1, '2019-02-06 00:00:00', '2019-07-03 21:25:31', NULL),
	(60, 19, 6, 'HVS 70gr 65x100 @21R NBApp', 'Ball', 0, '2019-03-01 00:00:00', '2019-05-29 13:09:53', NULL),
	(61, 18, 6, 'HVS 58gr 65x100 @26R PrintOne', 'Ball', 0, '2019-03-01 00:00:00', '2019-05-27 13:31:51', NULL),
	(62, 17, 6, 'HVS 58gr 65x100 @22R Istana', 'Ball', 0, '2019-03-01 00:00:00', '2019-07-03 21:31:38', NULL),
	(63, 16, 6, 'HVS 70gr 65x100 @21R App', 'Ball', 0, '2019-03-01 00:00:00', '2019-04-12 09:51:47', NULL),
	(64, 26, 4, 'HVS 58gr 65x100 @26R April PrintOne', 'Ball', 26, '2019-03-01 00:00:00', '2019-03-19 13:42:10', NULL),
	(65, 5, 4, 'HVS 58gr 61x86 @26R April PrintOne', 'Ball', 0, '2019-03-01 00:00:00', '2019-03-19 14:18:25', NULL),
	(66, 2, 7, 'P90 Benang Polyester 150D Raw White Rotto Grade AM SULINDAFIN', 'Box', 0, '2019-03-19 10:59:52', '2019-05-27 13:33:17', NULL),
	(67, 2, 7, 'P168 Benang Polyester 300D/668F Raw White Rotto Grade B SULINDAFIN', 'Box', 0, '2019-03-19 11:01:57', '2019-03-19 13:40:09', NULL),
	(68, 11, 11, 'Casing 70gr 90x115 @12R', 'Ball', 0, '2019-03-19 11:26:10', '2019-05-08 15:59:14', NULL),
	(69, 15, 6, 'BC Putih 150gr APR 61x86 @9.5R App', 'Palet', 0, '2019-03-19 11:58:29', '2019-05-27 13:54:31', NULL),
	(70, 14, 6, 'HVS 80gr App 61x86 @19R', 'Palet', 0, '2019-03-19 12:00:46', '2019-03-30 13:00:13', NULL),
	(71, 13, 6, 'HVS 80gr App 65x90 @19R', 'Palet', 0, '2019-03-19 12:01:22', '2019-03-26 11:17:13', NULL),
	(72, 2, 7, 'P46 Benang Polyester 150D/48F DDB Grade AM AsiaPasifik', 'Box', 46, '2019-03-19 13:28:57', '2019-03-19 13:29:16', NULL),
	(73, 2, 7, 'P211 Benang Polyester 150D/48F Raw White Grade AM Sulindafin', 'Box', 66, '2019-03-19 13:44:12', '2019-04-16 15:02:15', NULL),
	(74, 2, 7, 'P309 Benang Polyester 150D/48F/2 Raw White Rotto Grade B Sulindafin', 'Box', 0, '2019-03-19 13:45:37', '2019-03-26 11:04:51', NULL),
	(75, 12, 6, 'HVS 58gr 61x86 @22R Istana', 'ball', 0, '2019-03-19 15:10:56', '2019-05-29 13:06:04', NULL),
	(77, 25, 6, 'CD 50gr 79x109 @25Rim TA', 'Palet', 0, '2019-03-26 11:29:03', '2019-05-27 13:39:16', NULL),
	(78, 24, 6, 'HVS 70gr 61x86 @21Rim CAKRA ', 'Bale', 0, '2019-03-26 11:29:44', '2019-04-02 12:55:11', NULL),
	(79, 24, 6, 'HVS 70gr 61x86 @21R Cakra', 'Bal', 0, '2019-03-29 12:45:41', '2019-04-02 12:55:11', NULL),
	(80, 2, 7, 'P353 Benang 150D/2 Grade B Sulindafin', 'Dus', 0, '2019-03-29 12:50:37', '2019-04-25 09:13:42', NULL),
	(81, 23, 12, 'Benang 100/2 CAMEL', 'Bale', 10, '2019-03-29 13:07:12', '2019-04-05 10:53:31', NULL),
	(82, 23, 12, 'Benang 64/2 CAMEL', 'Bale', 112, '2019-03-29 13:07:26', '2019-07-03 21:18:29', NULL),
	(83, 23, 12, 'Benang 80/2 CAMEL', 'Bale', 118, '2019-03-29 13:07:39', '2019-04-05 10:53:31', NULL),
	(84, 23, 12, 'Benang 140/2 Red Blossom - 18/10/2018', 'Bale', 80, '2018-10-18 00:00:00', '2019-07-03 21:39:51', NULL),
	(85, 27, 13, 'LED + Campuran', 'Paket', 0, '2019-03-01 15:18:09', '2019-05-02 09:30:09', NULL),
	(86, 28, 10, 'Close Show Case + Perlengkapan', 'Pallet', 0, '2019-03-01 15:27:48', '2019-04-08 10:20:36', NULL),
	(87, 29, 14, 'Kertas CD 86x61', 'Bale', 0, '2019-04-02 15:43:54', '2019-07-03 21:30:09', NULL),
	(88, 29, 14, 'Kertas CD 65x100', 'Bale', 0, '2019-04-02 15:44:36', '2019-07-03 21:30:09', NULL),
	(89, 30, 6, 'CD 50gr 86x61 @25R TA', 'Bale', 0, '2019-04-04 15:54:14', '2019-05-28 15:49:40', NULL),
	(90, 31, 6, 'CD 50gr 86x100 @25R TA', 'Bale', 0, '2019-04-04 15:54:31', '2019-05-29 13:06:04', NULL),
	(91, 32, 6, 'HVS 58gr 61x86 @26R PrintOne', 'Palet', 0, '2019-04-06 13:56:04', '2019-04-12 10:05:57', NULL),
	(92, 10, 1, 'Compound 7', 'Drum', 0, '2019-04-06 14:02:09', '2019-04-06 14:02:30', NULL),
	(93, 33, 6, 'HVS 80gr 65x100 @19R APP', 'Bale', 0, '2019-04-12 09:39:40', '2019-05-27 11:16:19', NULL),
	(94, 34, 6, 'HVS 80gr 61x86 @19R PaperOne', 'Bale', 0, '2019-04-12 09:40:40', '2019-04-16 15:12:33', NULL),
	(95, 2, 7, 'P131 Benang 150D AM Sulindafin', 'Dus', 31, '2019-04-12 09:47:24', '2019-07-03 21:12:47', NULL),
	(96, 2, 7, 'P85 Benang 300D AM Sulindafin', 'Dus', 0, '2019-04-12 09:47:55', '2019-07-03 21:26:22', NULL),
	(97, 2, 7, 'P85 Benang 300D Grade B Sulindafin', 'Dus', 0, '2019-04-12 09:48:23', '2019-04-16 15:03:20', NULL),
	(98, 2, 7, 'P188 Benang 300D/2 AEM Sulindafin', 'Dus', 0, '2019-04-12 09:48:50', '2019-05-27 11:34:42', NULL),
	(99, 2, 7, 'P17 Benang 150D CG Sulindafin', 'Dus', 0, '2019-04-16 15:09:19', '2019-04-25 09:35:03', NULL),
	(100, 2, 7, 'P84 Benang 300D/2 Grade B Sulindafin', 'Dus', 0, '2019-04-16 15:09:43', '2019-04-25 09:15:12', NULL),
	(101, 2, 7, 'P125 Benang 300D/2 AEM Sulindafin', 'Dus', 0, '2019-04-16 15:10:10', '2019-05-27 13:50:34', NULL),
	(102, 8, 2, 'Yellow Board Q1 500gr 66x78 @8pak', 'Pak', 0, '2019-04-25 09:37:04', '2019-04-30 09:34:51', NULL),
	(103, 2, 7, 'P448 Benang 150D AEM Asia Pasifik', 'Dus', 448, '2019-04-30 09:35:56', '2019-04-30 09:36:13', NULL),
	(104, 2, 7, 'P349 Benang 150D AEM Sulindafin', 'Dus', 0, '2019-04-30 09:41:53', '2019-05-27 11:22:24', NULL),
	(105, 2, 7, 'P455 Benang 150D AEM Sulindafin', 'Dus', 439, '2019-05-08 15:47:12', '2019-05-27 11:22:25', NULL),
	(106, 2, 7, 'P158 Benang 150D AEM Asia Pasifik', 'Dus', 158, '2019-05-08 15:47:30', '2019-05-08 15:47:32', NULL),
	(107, 35, 6, 'HVS 70gr 61x86 @21R App', 'Bale', 0, '2019-05-08 15:49:15', '2019-05-27 13:38:39', NULL),
	(108, 36, 6, 'BC Putih 150gr 65x100 @9.5R App', 'Bale', 0, '2019-05-08 15:51:01', '2019-05-27 13:54:31', NULL),
	(109, 37, 6, 'HVS 100gr 79x109 @14.5R App', 'Bale', 0, '2019-05-08 15:51:45', '2019-05-08 15:58:15', NULL),
	(110, 8, 2, 'Yellow Board 500gr 66x78 @5pak Jaker', 'Bal', 0, '2019-05-27 11:10:28', '2019-05-27 11:15:22', NULL),
	(111, 2, 7, 'P106 Benang 150D AEM Sulindafin', 'Dus', 106, '2019-05-27 11:18:15', '2019-05-27 11:18:17', NULL),
	(112, 2, 7, 'P174 Benang 150D/2 Grade B Sulindafin', 'Dus', 0, '2019-05-27 11:21:24', '2019-05-27 13:52:07', NULL),
	(113, 2, 7, 'P344 Benang 100D AM Sulindafin', 'Dus', 0, '2019-05-27 11:21:42', '2019-07-03 21:42:54', NULL),
	(114, 2, 7, 'P165 Benang 150D/2 Grade B Sulindafin', 'Dus', 0, '2019-05-27 13:32:23', '2019-07-03 21:40:09', NULL),
	(115, 23, 12, 'Benang 64/2 HANOMAN', 'Bal', 65, '2019-05-28 15:48:22', '2019-05-28 15:48:34', NULL),
	(116, 23, 12, 'Benang 80/2 HANOMAN', 'Bal', 65, '2019-05-28 15:48:33', '2019-05-28 15:48:34', NULL),
	(117, 38, 14, 'Triplex 310gr 79x109 IK', 'Bale', 3, '2019-07-03 21:00:01', '2019-07-03 21:00:55', NULL),
	(118, 39, 14, 'HVS 70gr 65x100 @22R NBB', 'Bale', 0, '2019-07-03 21:00:23', '2019-07-03 21:30:59', NULL),
	(119, 39, 14, 'HVS 60gr 65x100 @25R Paper Plus', 'Bale', 0, '2019-07-03 21:00:48', '2019-07-03 21:30:59', NULL),
	(120, 41, 14, 'CFB Kuning 50gr 21.5x33 @20dus Rainbow', 'Bale', 0, '2019-07-03 21:06:33', '2019-07-03 21:30:59', NULL),
	(121, 38, 14, 'HVS 58gr 61x86 @22R Rainbow', 'Bale', 0, '2019-07-03 21:06:58', '2019-07-03 21:11:35', NULL),
	(122, 8, 2, 'Yellow Board 500gr 66x78 @10pak Jaker', 'Bale', 48, '2019-07-03 21:21:17', '2019-07-04 07:22:59', NULL),
	(123, 8, 2, 'Yellow Board 450gr 66x78 @10pak Jaker', 'Bale', 29, '2019-07-03 21:21:35', '2019-07-03 22:00:12', NULL),
	(124, 42, 16, 'Platinum Xtra 100x200 @2pcs', 'Bale', 118, '2019-07-03 21:37:04', '2019-07-04 07:26:44', NULL),
	(125, 42, 16, 'Platinum Xtra 90x200 @2pcs', 'Bale', 27, '2019-07-03 21:37:16', '2019-07-03 22:06:42', NULL),
	(126, 43, 16, 'Kursi Kantor @2pcs', 'Dus', 15, '2019-07-03 21:48:05', '2019-07-03 21:48:06', NULL),
	(127, 2, 7, 'P77 Benang 300D/2 Grade B Sulindafin', 'Dus', 0, '2019-07-03 21:57:16', '2019-07-03 21:58:43', NULL),
	(128, 2, 7, 'P215 Benang 150D/2 AM Sulindafin', 'Dus', 215, '2019-07-03 21:57:55', '2019-07-03 21:57:59', NULL),
	(129, 44, 16, 'Lemari Sharp SJ 420 GPSO', 'Dus', 16, '2019-07-03 22:04:24', '2019-07-03 22:06:42', NULL),
	(130, 44, 16, 'Lemari Sharp 456 GIMK', 'Dus', 1, '2019-07-03 22:04:43', '2019-07-03 22:06:42', NULL),
	(131, 45, 16, 'Dispenser Sharp 66 EKLBP', 'Dus', 24, '2019-07-03 22:05:13', '2019-07-03 22:06:42', NULL),
	(132, 45, 16, 'Dispenser Sharp 72 BHL', 'Dus', 16, '2019-07-03 22:05:27', '2019-07-03 22:06:42', NULL),
	(133, 46, 16, 'Sofa Berlian 321 @3pcs', 'Set', 1, '2019-07-03 22:05:54', '2019-07-03 22:06:42', NULL),
	(134, 47, 16, 'Meja Tamu OSCAR', 'Set', 1, '2019-07-03 22:06:18', '2019-07-03 22:06:42', NULL),
	(135, 2, 7, 'P525 Benang 100 AM Sulindafin', 'Dus', 525, '2019-07-04 07:21:08', '2019-07-04 07:21:10', NULL),
	(136, 45, 16, 'Dispenser Sharp 66 EHL', 'Dus', 6, '2019-07-04 07:25:21', '2019-07-04 07:26:44', NULL),
	(137, 48, 16, 'Matt Super Choice 100x200', 'Pcs', 16, '2019-07-04 07:25:39', '2019-07-04 07:26:44', NULL),
	(138, 48, 16, 'Matt Super Choice 160x200', 'Pcs', 16, '2019-07-04 07:25:50', '2019-07-04 07:26:44', NULL),
	(139, 49, 16, 'Spring Bed Comforta Project Dream 185x200 @2colly', 'Set', 1, '2019-07-04 07:27:24', '2019-07-04 07:27:57', NULL),
	(140, 50, 16, 'Bantal Guling 48', 'Koli', 8, '2019-07-04 07:27:47', '2019-07-04 07:27:57', NULL),
	(141, 51, 16, 'AC Daikin Indoor FTKC 35QV M4', 'Set', 104, '2019-07-04 07:28:53', '2019-07-04 07:30:01', NULL),
	(142, 51, 16, 'AC Daikin Outdoor RKC 35 QVM4', 'Set', 104, '2019-07-04 07:29:08', '2019-07-04 07:30:01', NULL),
	(143, 51, 16, 'AC Daikin Indoor FTKQ 25 SVM4', 'Set', 19, '2019-07-04 07:29:26', '2019-07-04 07:30:01', NULL),
	(144, 51, 16, 'AC Daikin Outdoor RKQ 25 SVM4', 'Set', 19, '2019-07-04 07:29:36', '2019-07-04 07:30:01', NULL);
/*!40000 ALTER TABLE `items` ENABLE KEYS */;

-- Dumping structure for table warehouse.item_category
CREATE TABLE IF NOT EXISTS `item_category` (
  `id` int(11) unsigned NOT NULL AUTO_INCREMENT,
  `client_id` int(10) unsigned NOT NULL,
  `name` varchar(191) NOT NULL,
  `price_simpan` int(10) unsigned NOT NULL,
  `price_bm` int(10) unsigned NOT NULL,
  `price_stapel` int(10) unsigned NOT NULL DEFAULT '0',
  `created_at` datetime DEFAULT CURRENT_TIMESTAMP,
  `updated_at` datetime DEFAULT CURRENT_TIMESTAMP ON UPDATE CURRENT_TIMESTAMP,
  `deleted_at` datetime DEFAULT NULL,
  PRIMARY KEY (`id`),
  KEY `FK_item_category_clients` (`client_id`),
  CONSTRAINT `FK_item_category_clients` FOREIGN KEY (`client_id`) REFERENCES `clients` (`id`)
) ENGINE=InnoDB AUTO_INCREMENT=52 DEFAULT CHARSET=latin1;

-- Dumping data for table warehouse.item_category: ~48 rows (approximately)
/*!40000 ALTER TABLE `item_category` DISABLE KEYS */;
REPLACE INTO `item_category` (`id`, `client_id`, `name`, `price_simpan`, `price_bm`, `price_stapel`, `created_at`, `updated_at`, `deleted_at`) VALUES
	(2, 7, 'Benang', 800, 700, 0, '2019-03-25 13:36:16', '2019-03-25 13:37:15', NULL),
	(3, 7, 'Benang Warna', 1250, 700, 0, '2019-03-25 13:36:16', '2019-03-25 13:37:15', NULL),
	(4, 5, 'Pigment', 700, 500, 0, '2019-03-25 13:36:16', '2019-03-25 13:37:15', NULL),
	(5, 4, 'HVS 58gr 61x86 @26R PrintOne', 7000, 7000, 0, '2019-03-25 13:36:16', '2019-03-29 13:46:42', NULL),
	(6, 3, 'Benang', 4000, 3500, 0, '2019-03-25 13:36:16', '2019-03-25 13:37:15', NULL),
	(7, 2, 'Karton (Pack)', 300, 450, 0, '2019-03-25 13:36:16', '2019-03-25 13:37:15', NULL),
	(8, 2, 'Karton (Bale)', 2750, 3250, 0, '2019-03-25 13:36:16', '2019-03-25 13:37:15', NULL),
	(9, 2, 'Yellow Board 200gr', 5500, 6500, 0, '2019-03-25 13:36:16', '2019-03-25 13:37:15', NULL),
	(10, 1, 'Drum ', 3500, 3500, 0, '2019-03-25 13:36:16', '2019-03-25 13:37:15', NULL),
	(11, 11, 'Casing 70gr 90x115 @12R', 7000, 8500, 0, '2019-03-25 13:36:16', '2019-03-25 13:37:15', NULL),
	(12, 6, '	HVS 58gr 86x61 Istana', 5500, 6500, 0, '2019-03-25 13:36:16', '2019-03-25 13:37:15', NULL),
	(13, 6, '	HVS 80gr App 65x90 @19R', 5500, 6500, 0, '2019-03-25 13:36:16', '2019-03-25 13:37:15', NULL),
	(14, 6, 'HVS 80gr App 61x86 @19R', 5500, 6500, 0, '2019-03-25 13:36:16', '2019-03-25 13:37:15', NULL),
	(15, 6, 'BC Putih 150gr APR 61x86 @9.5R', 5500, 6500, 0, '2019-03-25 13:36:16', '2019-03-30 14:02:21', NULL),
	(16, 6, '	HVS 70gr 65x100 @21R App', 5500, 6500, 0, '2019-03-25 13:36:16', '2019-03-25 13:37:15', NULL),
	(17, 6, 'HVS 58gr 65x100 @22R Istana', 5500, 6500, 0, '2019-03-25 13:36:16', '2019-03-25 13:37:15', NULL),
	(18, 6, 'HVS 58gr 65x100 @26R PrintOne', 5500, 6500, 0, '2019-03-25 13:36:16', '2019-03-25 13:37:15', NULL),
	(19, 6, '	HVS 70gr 65x100 @21R NBApp', 5500, 6500, 0, '2019-03-25 13:36:16', '2019-03-25 13:37:15', NULL),
	(21, 11, 'Kraf Samson 80gr 90x120 @10R UNIPA', 7000, 8500, 0, '2019-03-25 13:36:16', '2019-03-25 13:37:15', NULL),
	(22, 11, 'Casing 70gr 80x100 @12R Jkt', 7000, 8500, 0, '2019-03-25 13:36:16', '2019-03-25 13:37:15', NULL),
	(23, 12, 'Benang', 4500, 4000, 0, '2019-03-25 13:36:16', '2019-03-29 14:31:13', NULL),
	(24, 6, 'HVS 70gr 61x86 @21Rim CAKRA', 5500, 6500, 0, '2019-03-29 13:33:10', '2019-03-29 13:33:20', NULL),
	(25, 6, 'CD 50gr 79x109 @25Rim TA', 5500, 6500, 0, '2019-03-29 13:33:48', '2019-03-29 13:33:48', NULL),
	(26, 4, 'HVS 58gr 65x100 @26R PrintOne', 7000, 7000, 0, '2019-03-25 13:36:16', '2019-03-29 13:46:54', NULL),
	(27, 13, 'LED + Campuran', 7223, 0, 0, '2019-04-02 15:18:39', '2019-04-02 15:18:39', NULL),
	(28, 10, 'Close Show Case + Perlengkapan', 6500, 10000, 0, '2019-04-02 15:28:14', '2019-04-02 15:28:14', NULL),
	(29, 14, 'Kertas CD (Oper Stapel)', 0, 0, 8000, '2019-04-02 15:45:27', '2019-07-03 20:58:36', NULL),
	(30, 6, 'CD 50gr 86x61 @25R TA', 5500, 6500, 0, '2019-04-30 09:49:01', '2019-04-30 09:49:06', NULL),
	(31, 6, 'CD 50gr 86x100 @25R TA', 5500, 6500, 0, '2019-04-30 09:49:35', '2019-04-30 09:49:35', NULL),
	(32, 6, 'HVS 58gr 61x86 @26R PrintOne', 5500, 6500, 0, '2019-04-30 09:49:57', '2019-04-30 09:50:04', NULL),
	(33, 6, 'HVS 80gr 65x100 @19R APP', 5500, 6500, 0, '2019-04-30 09:50:23', '2019-04-30 09:50:24', NULL),
	(34, 6, 'HVS 80gr 61x86 @19R PaperOne', 5500, 6500, 0, '2019-04-30 09:50:37', '2019-04-30 09:50:37', NULL),
	(35, 6, 'HVS 70gr 61x86 @21R App', 5500, 6500, 0, '2019-05-08 15:55:55', '2019-05-08 15:55:56', NULL),
	(36, 6, 'BC Putih 150gr 65x100 @9.5R App', 5500, 6500, 0, '2019-05-08 15:56:18', '2019-05-08 15:56:19', NULL),
	(37, 6, 'HVS 100gr 79x109 @14.5R App', 5500, 6500, 0, '2019-05-08 15:56:31', '2019-05-08 15:56:32', NULL),
	(38, 14, 'Triplex', 50000, 20000, 0, '2019-07-03 20:54:51', '2019-07-03 20:57:46', NULL),
	(39, 14, 'HVS', 0, 0, 0, '2019-07-03 20:55:49', '2019-07-03 20:57:52', NULL),
	(41, 14, 'CFB Kuning', 0, 0, 0, '2019-07-03 20:56:06', '2019-07-03 20:57:54', NULL),
	(42, 16, 'Platinum Xtra', 0, 0, 0, '2019-07-03 21:36:16', '2019-07-03 21:47:05', NULL),
	(43, 16, 'Kursi Kantor', 0, 0, 0, '2019-07-03 21:47:01', '2019-07-03 21:47:01', NULL),
	(44, 16, 'Lemari Sharp', 0, 0, 0, '2019-07-03 22:02:03', '2019-07-03 22:02:04', NULL),
	(45, 16, 'Dispenser Sharp', 0, 0, 0, '2019-07-03 22:02:18', '2019-07-03 22:02:18', NULL),
	(46, 16, 'Sofa Berlian', 0, 0, 0, '2019-07-03 22:02:42', '2019-07-03 22:02:43', NULL),
	(47, 16, 'Meja Tamu', 0, 0, 0, '2019-07-03 22:02:51', '2019-07-03 22:02:59', NULL),
	(48, 16, 'Matt Super Choice', 0, 0, 0, '2019-07-04 07:24:12', '2019-07-04 07:24:12', NULL),
	(49, 16, 'Spring Bed', 0, 0, 0, '2019-07-04 07:26:18', '2019-07-04 07:26:18', NULL),
	(50, 16, 'Bantal Guling', 0, 0, 0, '2019-07-04 07:26:33', '2019-07-04 07:26:33', NULL),
	(51, 16, 'AC Daikin', 0, 0, 0, '2019-07-04 07:28:16', '2019-07-04 07:28:16', NULL);
/*!40000 ALTER TABLE `item_category` ENABLE KEYS */;

-- Dumping structure for table warehouse.migrations
CREATE TABLE IF NOT EXISTS `migrations` (
  `id` int(10) unsigned NOT NULL AUTO_INCREMENT,
  `migration` varchar(191) COLLATE utf8mb4_unicode_ci NOT NULL,
  `batch` int(11) NOT NULL,
  PRIMARY KEY (`id`)
) ENGINE=InnoDB AUTO_INCREMENT=13 DEFAULT CHARSET=utf8mb4 COLLATE=utf8mb4_unicode_ci;

-- Dumping data for table warehouse.migrations: ~12 rows (approximately)
/*!40000 ALTER TABLE `migrations` DISABLE KEYS */;
REPLACE INTO `migrations` (`id`, `migration`, `batch`) VALUES
	(1, '2014_10_12_000000_create_users_table', 1),
	(2, '2014_10_12_100000_create_password_resets_table', 1),
	(3, '2018_08_13_070819_create_clients_table', 1),
	(4, '2018_08_13_071733_create_items_table', 1),
	(5, '2018_08_14_064052_create_single_fees_table', 1),
	(6, '2018_08_14_072838_create_itemlogs_table', 1),
	(7, '2018_08_20_055310_create_transactions_table', 1),
	(8, '2018_11_23_110432_create_recurring_fees_table', 1),
	(9, '2019_03_15_092033_create_bongkar_header_table', 1),
	(10, '2019_03_15_092108_create_bongkar_footer_table', 1),
	(11, '2019_03_15_131136_create_muat_footer_table', 1),
	(12, '2019_03_15_131216_create_muat_header_table', 1);
/*!40000 ALTER TABLE `migrations` ENABLE KEYS */;

-- Dumping structure for table warehouse.muat_footer
CREATE TABLE IF NOT EXISTS `muat_footer` (
  `id` int(10) unsigned NOT NULL AUTO_INCREMENT,
  `header_id` int(10) unsigned NOT NULL,
  `item_id` int(10) unsigned NOT NULL,
  `qty` int(11) NOT NULL,
  `note` varchar(191) COLLATE utf8mb4_unicode_ci DEFAULT NULL,
  `created_at` timestamp NULL DEFAULT NULL,
  `updated_at` timestamp NULL DEFAULT NULL,
  PRIMARY KEY (`id`)
) ENGINE=InnoDB AUTO_INCREMENT=511 DEFAULT CHARSET=utf8mb4 COLLATE=utf8mb4_unicode_ci;

-- Dumping data for table warehouse.muat_footer: ~503 rows (approximately)
/*!40000 ALTER TABLE `muat_footer` DISABLE KEYS */;
REPLACE INTO `muat_footer` (`id`, `header_id`, `item_id`, `qty`, `note`, `created_at`, `updated_at`) VALUES
	(1, 1, 5, 7, NULL, '2019-03-19 10:31:42', '2019-03-19 10:31:42'),
	(2, 2, 3, 3, NULL, '2019-03-19 10:31:42', '2019-03-19 10:31:42'),
	(3, 2, 1, 75, NULL, '2019-03-19 10:31:42', '2019-03-19 10:31:42'),
	(4, 3, 1, 100, NULL, '2019-03-19 10:31:42', '2019-03-19 10:31:42'),
	(5, 4, 6, 2, NULL, '2019-03-19 10:31:42', '2019-03-19 10:31:42'),
	(6, 5, 1, 28, NULL, '2019-03-19 10:31:42', '2019-03-19 10:31:42'),
	(7, 5, 7, 10, NULL, '2019-03-19 10:31:42', '2019-03-19 10:31:42'),
	(8, 5, 8, 20, NULL, '2019-03-19 10:31:42', '2019-03-19 10:31:42'),
	(9, 6, 3, 1, NULL, '2019-03-19 10:31:42', '2019-03-19 10:31:42'),
	(10, 7, 7, 50, NULL, '2019-03-19 10:31:42', '2019-03-19 10:31:42'),
	(11, 8, 1, 40, NULL, '2019-03-19 10:31:42', '2019-03-19 10:31:42'),
	(12, 9, 7, 10, NULL, '2019-03-19 10:31:42', '2019-03-19 10:31:42'),
	(13, 10, 8, 10, NULL, '2019-03-19 10:31:42', '2019-03-19 10:31:42'),
	(14, 11, 2, 1, NULL, '2019-03-19 10:31:42', '2019-03-19 10:31:42'),
	(15, 12, 5, 3, NULL, '2019-03-19 10:31:42', '2019-03-19 10:31:42'),
	(16, 13, 6, 2, NULL, '2019-03-19 10:31:42', '2019-03-19 10:31:42'),
	(17, 14, 6, 4, NULL, '2019-03-19 10:31:42', '2019-03-19 10:31:42'),
	(18, 15, 24, 70, NULL, '2019-03-19 10:31:42', '2019-03-19 10:31:42'),
	(19, 16, 28, 60, NULL, '2019-03-19 10:31:42', '2019-03-19 10:31:42'),
	(20, 17, 10, 100, NULL, '2019-03-19 10:31:42', '2019-03-19 10:31:42'),
	(21, 18, 29, 5, NULL, '2019-03-19 10:31:42', '2019-03-19 10:31:42'),
	(22, 19, 34, 60, NULL, '2019-03-19 10:31:42', '2019-03-19 10:31:42'),
	(23, 20, 53, 50, NULL, '2019-03-19 10:31:42', '2019-03-19 10:31:42'),
	(24, 21, 54, 3, NULL, '2019-03-19 10:31:42', '2019-03-19 10:31:42'),
	(25, 22, 57, 25, NULL, '2019-03-19 10:31:42', '2019-03-19 10:31:42'),
	(26, 23, 56, 23, NULL, '2019-03-19 10:31:42', '2019-03-19 10:31:42'),
	(27, 24, 62, 14, NULL, '2019-03-19 10:31:42', '2019-03-19 10:31:42'),
	(28, 25, 60, 7, NULL, '2019-03-19 10:31:42', '2019-03-19 10:31:42'),
	(29, 25, 63, 7, NULL, '2019-03-19 10:31:42', '2019-03-19 10:31:42'),
	(30, 26, 61, 6, NULL, '2019-03-19 10:31:42', '2019-03-19 10:31:42'),
	(31, 26, 60, 2, NULL, '2019-03-19 10:31:42', '2019-03-19 10:31:42'),
	(32, 27, 61, 10, NULL, '2019-03-19 10:31:42', '2019-03-19 10:31:42'),
	(33, 28, 65, 2, '', '2019-03-19 10:32:55', '2019-03-19 10:32:55'),
	(34, 28, 64, 6, '', '2019-03-19 10:32:55', '2019-03-19 10:32:55'),
	(35, 29, 62, 10, '', '2019-03-19 10:37:47', '2019-03-19 10:37:47'),
	(36, 30, 37, 40, '', '2019-03-19 10:39:29', '2019-03-19 10:39:29'),
	(37, 30, 42, 40, '', '2019-03-19 10:39:29', '2019-03-19 10:39:29'),
	(38, 31, 8, 75, '', '2019-03-19 10:41:15', '2019-03-19 10:41:15'),
	(39, 32, 41, 20, '', '2019-03-19 10:43:02', '2019-03-19 10:43:02'),
	(40, 33, 1, 50, '', '2019-03-19 10:44:36', '2019-03-19 10:44:36'),
	(41, 33, 7, 50, '', '2019-03-19 10:44:36', '2019-03-19 10:44:36'),
	(42, 34, 8, 15, '', '2019-03-19 10:46:22', '2019-03-19 10:46:22'),
	(43, 34, 5, 3, '', '2019-03-19 10:46:22', '2019-03-19 10:46:22'),
	(44, 35, 57, 2, '', '2019-03-19 10:49:33', '2019-03-19 10:49:33'),
	(45, 36, 26, 98, '', '2019-03-19 10:51:11', '2019-03-19 10:51:11'),
	(46, 37, 8, 15, '', '2019-03-19 10:54:03', '2019-03-19 10:54:03'),
	(47, 37, 1, 2, '', '2019-03-19 10:54:03', '2019-03-19 10:54:03'),
	(48, 37, 7, 7, '', '2019-03-19 10:54:03', '2019-03-19 10:54:03'),
	(49, 37, 6, 3, '', '2019-03-19 10:54:03', '2019-03-19 10:54:03'),
	(50, 37, 3, 2, '', '2019-03-19 10:54:03', '2019-03-19 10:54:03'),
	(51, 38, 1, 35, '', '2019-03-19 10:56:40', '2019-03-19 10:56:40'),
	(52, 38, 7, 25, '', '2019-03-19 10:56:40', '2019-03-19 10:56:40'),
	(53, 38, 3, 1, '', '2019-03-19 10:56:40', '2019-03-19 10:56:40'),
	(54, 39, 55, 4, '', '2019-03-19 11:06:10', '2019-03-19 11:06:10'),
	(55, 40, 55, 4, '', '2019-03-19 11:10:03', '2019-03-19 11:10:03'),
	(56, 41, 32, 78, '', '2019-03-19 11:20:22', '2019-03-19 11:20:22'),
	(57, 42, 44, 8, '', '2019-03-19 11:22:19', '2019-03-22 10:39:13'),
	(58, 43, 10, 51, '', '2019-03-19 11:23:38', '2019-03-19 11:23:38'),
	(59, 44, 1, 10, '', '2019-03-19 11:31:08', '2019-03-19 11:31:08'),
	(60, 44, 7, 10, '', '2019-03-19 11:31:08', '2019-03-19 11:31:08'),
	(61, 44, 8, 40, '', '2019-03-19 11:31:08', '2019-03-19 11:31:08'),
	(62, 44, 4, 4, '', '2019-03-19 11:31:08', '2019-03-19 11:31:08'),
	(63, 45, 1, 80, '', '2019-03-19 11:32:34', '2019-03-19 11:32:34'),
	(64, 46, 65, 8, '', '2019-03-19 11:35:52', '2019-03-19 11:35:52'),
	(65, 47, 37, 40, '', '2019-03-19 11:37:43', '2019-03-19 11:37:43'),
	(66, 48, 20, 57, '', '2019-03-19 12:04:23', '2019-03-19 12:04:23'),
	(67, 49, 7, 50, '', '2019-03-19 13:35:29', '2019-03-19 13:35:29'),
	(68, 49, 1, 50, '', '2019-03-19 13:35:29', '2019-03-19 13:35:29'),
	(69, 49, 3, 2, '', '2019-03-19 13:35:29', '2019-03-19 13:35:29'),
	(70, 50, 14, 56, '', '2019-03-19 13:37:24', '2019-03-19 13:37:24'),
	(71, 51, 67, 168, '', '2019-03-19 13:40:09', '2019-03-19 13:40:09'),
	(72, 52, 64, 7, '', '2019-03-19 13:42:10', '2019-03-19 13:42:10'),
	(73, 53, 45, 120, '', '2019-03-19 13:48:46', '2019-03-19 13:48:46'),
	(74, 54, 35, 20, '', '2019-03-19 13:51:02', '2019-03-19 13:51:02'),
	(75, 54, 44, 25, '', '2019-03-19 13:51:02', '2019-03-19 13:51:02'),
	(76, 55, 74, 100, '', '2019-03-19 13:52:04', '2019-03-19 13:52:04'),
	(77, 56, 60, 15, '', '2019-03-19 13:53:17', '2019-03-19 13:53:17'),
	(78, 57, 4, 3, '146.03.2019', '2019-03-19 13:55:18', '2019-03-19 13:55:18'),
	(79, 57, 6, 3, '146.03.2019', '2019-03-19 13:55:18', '2019-03-19 13:55:18'),
	(80, 57, 6, 1, '147.03.2019', '2019-03-19 13:55:18', '2019-03-19 13:55:18'),
	(81, 58, 69, 7, '', '2019-03-19 13:57:01', '2019-03-19 13:57:01'),
	(82, 58, 60, 2, '', '2019-03-19 13:57:01', '2019-03-19 13:57:01'),
	(83, 59, 60, 4, '', '2019-03-19 13:58:06', '2019-03-19 13:58:06'),
	(84, 60, 73, 105, '', '2019-03-19 14:21:41', '2019-03-19 14:21:41'),
	(85, 61, 75, 18, '', '2019-03-19 14:23:57', '2019-03-19 14:23:57'),
	(86, 62, 28, 65, '', '2019-03-19 14:38:11', '2019-03-19 14:38:11'),
	(87, 63, 75, 10, '', '2019-03-19 14:40:17', '2019-03-19 14:40:17'),
	(88, 64, 2, 1, '152.03.2019', '2019-03-19 14:53:28', '2019-03-19 14:53:28'),
	(89, 64, 1, 40, '151.03.2019', '2019-03-19 14:53:28', '2019-03-19 14:53:28'),
	(90, 64, 1, 4, '150.03.2019', '2019-03-19 14:53:28', '2019-03-19 14:53:28'),
	(91, 64, 7, 3, '150.03.2019', '2019-03-19 14:53:28', '2019-03-19 14:53:28'),
	(92, 64, 3, 1, '144.03.2019', '2019-03-19 14:53:28', '2019-03-19 14:53:28'),
	(93, 65, 6, 6, '', '2019-03-19 14:56:12', '2019-03-19 14:56:12'),
	(94, 66, 25, 100, '', '2019-03-19 14:57:23', '2019-03-19 14:57:23'),
	(95, 67, 1, 5, '', '2019-03-19 14:59:59', '2019-03-19 14:59:59'),
	(96, 68, 62, 4, '', '2019-03-19 15:20:15', '2019-03-19 15:20:15'),
	(97, 68, 75, 9, '', '2019-03-19 15:20:15', '2019-03-19 15:20:15'),
	(98, 69, 75, 3, '', '2019-03-19 15:23:24', '2019-03-19 15:23:24'),
	(99, 69, 70, 5, '', '2019-03-19 15:23:24', '2019-03-19 15:23:24'),
	(100, 70, 7, 150, '', '2019-03-21 09:59:35', '2019-03-29 13:26:45'),
	(101, 71, 57, 5, '', '2019-03-21 10:01:34', '2019-03-21 10:01:34'),
	(102, 72, 4, 3, '', '2019-03-21 10:02:24', '2019-03-21 10:02:24'),
	(103, 72, 1, 100, '', '2019-03-21 10:02:24', '2019-03-21 10:02:24'),
	(106, 75, 62, 14, '', '2019-03-22 11:06:43', '2019-03-22 11:06:43'),
	(107, 76, 34, 60, '', '2019-03-22 11:07:29', '2019-03-22 11:07:29'),
	(108, 77, 3, 1, '', '2019-03-26 10:48:48', '2019-03-26 10:48:48'),
	(109, 77, 2, 2, '', '2019-03-26 10:48:48', '2019-03-26 10:48:48'),
	(110, 77, 7, 20, '', '2019-03-26 10:48:48', '2019-03-26 10:48:48'),
	(111, 77, 1, 50, '', '2019-03-26 10:48:48', '2019-03-26 10:48:48'),
	(112, 78, 3, 2, '', '2019-03-26 10:49:26', '2019-03-26 10:49:26'),
	(113, 78, 7, 50, '', '2019-03-26 10:49:26', '2019-03-26 10:49:26'),
	(114, 79, 1, 150, '', '2019-03-26 10:50:11', '2019-03-26 10:50:11'),
	(115, 80, 8, 20, '', '2019-03-26 10:51:06', '2019-03-26 10:51:06'),
	(116, 80, 7, 15, '', '2019-03-26 10:51:06', '2019-03-26 10:51:06'),
	(117, 81, 7, 150, '', '2019-03-26 10:54:30', '2019-03-26 10:54:30'),
	(118, 82, 4, 2, '', '2019-03-26 10:55:12', '2019-03-26 10:55:12'),
	(119, 82, 3, 4, '', '2019-03-26 10:55:12', '2019-03-26 10:55:12'),
	(120, 83, 55, 4, '', '2019-03-26 10:58:48', '2019-03-26 10:58:48'),
	(121, 84, 54, 4, '', '2019-03-26 10:59:23', '2019-03-26 10:59:23'),
	(122, 85, 74, 105, '', '2019-03-26 11:03:30', '2019-03-26 11:03:30'),
	(123, 86, 13, 24, '', '2019-03-26 11:04:19', '2019-03-26 11:04:19'),
	(124, 87, 74, 104, '', '2019-03-26 11:04:51', '2019-03-26 11:04:51'),
	(125, 88, 52, 15, '', '2019-03-26 11:11:52', '2019-03-26 11:11:52'),
	(126, 89, 52, 15, '', '2019-03-26 11:14:21', '2019-03-26 11:14:21'),
	(127, 90, 62, 12, '', '2019-03-26 11:16:26', '2019-03-26 11:16:26'),
	(128, 91, 71, 2, '', '2019-03-26 11:17:13', '2019-03-26 11:17:13'),
	(129, 91, 61, 6, '', '2019-03-26 11:17:13', '2019-03-26 11:17:13'),
	(130, 92, 60, 11, '', '2019-03-26 11:17:55', '2019-03-26 11:17:55'),
	(131, 93, 58, 4, '', '2019-03-26 11:31:58', '2019-03-26 11:31:58'),
	(132, 94, 59, 10, '', '2019-03-26 11:35:51', '2019-03-26 11:35:51'),
	(133, 95, 54, 4, '', '2019-03-29 12:37:18', '2019-03-29 12:37:18'),
	(134, 96, 27, 50, '', '2019-03-29 12:41:55', '2019-03-29 12:41:55'),
	(135, 97, 61, 8, '', '2019-03-29 12:47:22', '2019-03-29 12:47:22'),
	(136, 98, 78, 5, '', '2019-03-29 12:52:54', '2019-04-02 12:55:11'),
	(137, 99, 70, 5, '', '2019-03-29 12:56:15', '2019-03-29 12:56:15'),
	(138, 100, 60, 11, '', '2019-03-29 12:58:52', '2019-03-29 12:58:52'),
	(139, 101, 3, 6, '', '2019-03-29 12:59:45', '2019-03-29 12:59:45'),
	(140, 102, 54, 6, '', '2019-03-29 13:00:28', '2019-03-29 13:00:28'),
	(141, 103, 80, 100, '', '2019-03-29 13:12:18', '2019-03-29 13:12:18'),
	(142, 104, 62, 10, '', '2019-03-29 13:12:57', '2019-03-29 13:12:57'),
	(143, 105, 3, 3, '', '2019-03-29 13:13:40', '2019-03-29 13:13:40'),
	(144, 106, 6, 4, '', '2019-03-29 13:14:35', '2019-03-29 13:14:35'),
	(145, 107, 1, 20, '', '2019-03-29 13:17:49', '2019-03-29 13:17:49'),
	(146, 107, 7, 52, '', '2019-03-29 13:17:49', '2019-03-29 13:17:49'),
	(147, 108, 8, 25, '', '2019-03-29 13:27:51', '2019-03-29 13:27:51'),
	(148, 109, 68, 4, '', '2019-03-29 13:28:23', '2019-03-29 13:28:23'),
	(149, 110, 58, 2, '', '2019-03-29 13:28:41', '2019-03-29 13:28:41'),
	(150, 111, 84, 40, '', '2019-03-29 13:30:17', '2019-03-29 13:30:17'),
	(151, 112, 36, 40, '', '2019-03-30 10:04:11', '2019-03-30 10:04:11'),
	(152, 112, 40, 10, '', '2019-03-30 10:04:11', '2019-03-30 10:04:11'),
	(153, 113, 62, 14, '', '2019-03-30 10:05:30', '2019-03-30 10:05:30'),
	(154, 114, 55, 3, '', '2019-03-30 10:06:03', '2019-03-30 10:06:03'),
	(155, 115, 63, 8, '', '2019-03-30 13:35:47', '2019-03-30 13:35:47'),
	(156, 115, 62, 14, '', '2019-03-30 13:35:47', '2019-03-30 13:35:47'),
	(158, 117, 29, 12, '', '2019-03-30 14:18:05', '2019-03-30 14:18:05'),
	(159, 118, 34, 30, '', '2019-03-30 14:18:44', '2019-03-30 14:18:44'),
	(160, 119, 85, 8, '', '2019-04-02 15:20:28', '2019-04-02 15:20:28'),
	(161, 120, 85, 8, '', '2019-04-02 15:20:47', '2019-04-02 15:20:47'),
	(162, 121, 85, 2, '', '2019-04-02 15:21:14', '2019-04-02 15:21:14'),
	(163, 122, 85, 4, '', '2019-04-02 15:21:41', '2019-04-02 15:21:41'),
	(164, 123, 85, 40, '', '2019-04-02 15:22:01', '2019-04-02 15:22:01'),
	(165, 124, 85, 40, '', '2019-04-02 15:22:30', '2019-04-02 15:22:30'),
	(167, 126, 86, 2, '', '2019-04-02 15:31:14', '2019-04-02 15:31:14'),
	(168, 127, 86, 11, '', '2019-04-02 15:31:36', '2019-04-02 15:31:36'),
	(169, 128, 86, 11, '', '2019-04-02 15:31:51', '2019-04-02 15:31:51'),
	(170, 129, 88, 20, '', '2019-04-02 15:48:21', '2019-04-02 15:55:13'),
	(171, 129, 87, 20, '', '2019-04-02 15:48:21', '2019-04-02 15:55:16'),
	(173, 131, 12, 3, '', '2019-04-04 15:51:37', '2019-04-04 15:51:37'),
	(174, 132, 19, 3, '', '2019-04-04 15:52:12', '2019-04-04 15:52:12'),
	(175, 133, 27, 4, '', '2019-04-04 15:52:38', '2019-04-04 15:52:38'),
	(176, 134, 61, 10, '', '2019-04-04 15:56:55', '2019-04-04 15:56:55'),
	(177, 134, 90, 2, '', '2019-04-04 15:56:55', '2019-04-04 15:56:55'),
	(178, 135, 1, 6, '', '2019-04-04 15:57:31', '2019-04-04 15:57:31'),
	(179, 135, 7, 6, '', '2019-04-04 15:57:32', '2019-04-04 15:57:32'),
	(180, 136, 55, 3, '', '2019-04-04 15:58:15', '2019-04-04 15:58:15'),
	(181, 137, 62, 19, '', '2019-04-05 10:52:43', '2019-04-05 10:52:43'),
	(182, 137, 75, 4, '', '2019-04-05 10:52:43', '2019-04-05 10:52:43'),
	(183, 137, 90, 2, '', '2019-04-05 10:52:43', '2019-04-05 10:52:43'),
	(184, 137, 89, 8, '', '2019-04-05 10:52:44', '2019-04-05 10:52:44'),
	(185, 138, 81, 10, '', '2019-04-05 10:53:30', '2019-04-05 10:53:30'),
	(186, 138, 82, 10, '', '2019-04-05 10:53:31', '2019-04-05 10:53:31'),
	(187, 138, 83, 10, '', '2019-04-05 10:53:31', '2019-04-05 10:53:31'),
	(188, 139, 55, 3, '', '2019-04-05 10:53:55', '2019-04-05 10:53:55'),
	(189, 140, 30, 5, '', '2019-04-05 10:55:16', '2019-04-05 10:55:16'),
	(190, 141, 25, 100, '', '2019-04-05 10:55:45', '2019-04-05 10:55:45'),
	(191, 142, 75, 18, '', '2019-04-05 10:56:17', '2019-04-05 10:56:17'),
	(192, 143, 6, 3, '', '2019-04-05 10:58:07', '2019-04-05 10:58:07'),
	(193, 144, 1, 50, '', '2019-04-05 10:58:42', '2019-04-05 10:58:42'),
	(194, 145, 7, 135, '', '2019-04-05 10:59:29', '2019-04-05 10:59:29'),
	(195, 146, 55, 3, '', '2019-04-05 10:59:53', '2019-04-05 10:59:53'),
	(198, 148, 34, 60, '', '2019-04-06 13:54:05', '2019-04-06 13:54:05'),
	(199, 149, 61, 8, '', '2019-04-06 13:57:48', '2019-04-06 13:57:48'),
	(200, 150, 75, 13, '', '2019-04-06 13:58:51', '2019-04-06 13:58:51'),
	(201, 151, 4, 4, '', '2019-04-06 14:00:47', '2019-04-06 14:00:47'),
	(202, 152, 2, 1, '', '2019-04-06 14:01:09', '2019-04-06 14:01:09'),
	(203, 153, 92, 6, '', '2019-04-06 14:02:30', '2019-04-06 14:02:30'),
	(204, 154, 68, 4, '', '2019-04-06 14:03:02', '2019-04-06 14:03:02'),
	(205, 155, 89, 15, '', '2019-04-06 14:04:16', '2019-04-06 14:04:16'),
	(206, 156, 80, 100, '', '2019-04-06 14:04:48', '2019-04-06 14:04:48'),
	(207, 157, 1, 150, '', '2019-04-06 14:05:49', '2019-04-06 14:05:49'),
	(208, 158, 86, 4, '', '2019-04-08 10:19:41', '2019-04-08 10:19:41'),
	(209, 159, 86, 4, '', '2019-04-08 10:19:58', '2019-04-08 10:19:58'),
	(210, 160, 86, 4, '', '2019-04-08 10:20:11', '2019-04-08 10:20:11'),
	(211, 161, 86, 10, '', '2019-04-08 10:20:25', '2019-04-08 10:20:25'),
	(212, 162, 86, 22, '', '2019-04-08 10:20:36', '2019-04-08 10:20:36'),
	(213, 163, 61, 8, '', '2019-04-12 09:34:09', '2019-04-12 09:34:09'),
	(214, 164, 34, 76, '', '2019-04-12 09:34:44', '2019-04-12 09:34:44'),
	(215, 165, 62, 14, '', '2019-04-12 09:35:19', '2019-04-12 09:35:19'),
	(216, 166, 1, 145, '', '2019-04-12 09:35:46', '2019-04-12 09:35:46'),
	(217, 167, 45, 80, '', '2019-04-12 09:37:20', '2019-04-12 09:37:20'),
	(218, 167, 39, 15, '', '2019-04-12 09:37:20', '2019-04-12 09:37:20'),
	(219, 168, 62, 10, '', '2019-04-12 09:41:59', '2019-04-12 09:41:59'),
	(220, 168, 75, 3, '', '2019-04-12 09:41:59', '2019-04-12 09:41:59'),
	(221, 169, 91, 3, '', '2019-04-12 09:42:38', '2019-04-12 09:42:38'),
	(222, 170, 60, 8, '', '2019-04-12 09:43:11', '2019-04-12 09:43:11'),
	(223, 171, 58, 5, '', '2019-04-12 09:44:46', '2019-04-12 09:44:46'),
	(224, 172, 41, 10, '', '2019-04-12 09:45:56', '2019-04-12 09:45:56'),
	(225, 173, 30, 60, '', '2019-04-12 09:49:55', '2019-04-12 09:49:55'),
	(226, 174, 62, 18, '', '2019-04-12 09:51:01', '2019-04-12 09:51:01'),
	(227, 174, 75, 6, '', '2019-04-12 09:51:01', '2019-04-12 09:51:01'),
	(228, 175, 63, 2, '', '2019-04-12 09:51:47', '2019-04-12 09:51:47'),
	(229, 175, 90, 4, '', '2019-04-12 09:51:47', '2019-04-12 09:51:47'),
	(230, 176, 6, 3, '', '2019-04-12 09:52:33', '2019-04-12 09:52:33'),
	(231, 177, 5, 2, '', '2019-04-12 09:53:03', '2019-04-12 09:53:03'),
	(232, 178, 7, 80, '', '2019-04-12 09:53:51', '2019-04-12 09:53:51'),
	(233, 179, 1, 10, '', '2019-04-12 09:55:15', '2019-04-12 09:55:15'),
	(234, 180, 8, 20, '', '2019-04-12 09:56:02', '2019-04-12 09:56:02'),
	(235, 181, 91, 7, '', '2019-04-12 10:05:57', '2019-04-12 10:05:57'),
	(236, 181, 61, 5, '', '2019-04-12 10:05:57', '2019-04-12 10:05:57'),
	(237, 182, 98, 100, '', '2019-04-12 10:17:00', '2019-04-12 10:17:00'),
	(238, 183, 7, 150, '', '2019-04-12 10:17:32', '2019-04-12 10:17:32'),
	(239, 184, 59, 1, '', '2019-04-12 10:17:44', '2019-04-12 10:17:44'),
	(240, 185, 30, 10, '', '2019-04-16 15:01:38', '2019-04-16 15:01:38'),
	(241, 186, 73, 40, '', '2019-04-16 15:02:14', '2019-04-16 15:02:14'),
	(242, 187, 97, 85, '', '2019-04-16 15:03:20', '2019-04-16 15:03:20'),
	(243, 188, 4, 6, '', '2019-04-16 15:05:02', '2019-04-16 15:05:02'),
	(244, 188, 1, 35, '', '2019-04-16 15:05:02', '2019-04-16 15:05:02'),
	(245, 188, 7, 10, '', '2019-04-16 15:05:02', '2019-04-16 15:05:02'),
	(246, 188, 8, 20, '', '2019-04-16 15:05:02', '2019-04-16 15:05:02'),
	(247, 189, 90, 4, '', '2019-04-16 15:06:38', '2019-04-16 15:06:38'),
	(248, 189, 60, 6, '', '2019-04-16 15:06:39', '2019-04-16 15:06:39'),
	(249, 190, 27, 40, '', '2019-04-16 15:07:04', '2019-04-16 15:07:04'),
	(250, 191, 30, 20, '', '2019-04-16 15:11:17', '2019-04-16 15:11:17'),
	(251, 192, 27, 40, '', '2019-04-16 15:11:50', '2019-04-16 15:11:50'),
	(252, 193, 94, 8, '', '2019-04-16 15:12:33', '2019-04-16 15:12:33'),
	(253, 194, 46, 30, '', '2019-04-16 15:15:41', '2019-04-16 15:15:41'),
	(254, 195, 1, 50, '', '2019-04-16 15:16:21', '2019-04-16 15:16:21'),
	(255, 196, 3, 1, '', '2019-04-16 15:16:53', '2019-04-16 15:16:53'),
	(256, 196, 7, 2, '', '2019-04-16 15:16:53', '2019-04-16 15:16:53'),
	(257, 197, 6, 2, '', '2019-04-16 15:17:10', '2019-04-16 15:17:10'),
	(258, 198, 42, 40, '', '2019-04-18 08:54:52', '2019-04-18 08:54:52'),
	(259, 199, 62, 14, '', '2019-04-18 08:55:14', '2019-04-18 08:55:14'),
	(260, 200, 80, 100, '', '2019-04-18 08:55:37', '2019-04-18 08:55:37'),
	(261, 201, 88, 10, '', '2019-04-18 08:56:37', '2019-04-18 08:56:37'),
	(262, 201, 87, 10, '', '2019-04-18 08:56:37', '2019-04-18 08:56:37'),
	(263, 202, 80, 53, '', '2019-04-25 09:13:42', '2019-04-25 09:13:42'),
	(264, 203, 7, 130, '', '2019-04-25 09:14:21', '2019-04-25 09:14:21'),
	(265, 203, 8, 30, '', '2019-04-25 09:14:21', '2019-04-25 09:14:21'),
	(266, 204, 100, 84, '', '2019-04-25 09:15:12', '2019-04-25 09:15:12'),
	(267, 205, 57, 25, '', '2019-04-25 09:16:53', '2019-04-25 09:16:53'),
	(268, 206, 60, 1, '', '2019-04-25 09:17:26', '2019-04-25 09:17:26'),
	(269, 207, 5, 1, '', '2019-04-25 09:18:27', '2019-04-25 09:18:27'),
	(270, 207, 1, 53, '', '2019-04-25 09:18:27', '2019-04-25 09:18:27'),
	(271, 207, 7, 151, '', '2019-04-25 09:18:27', '2019-04-25 09:18:27'),
	(272, 208, 42, 48, '', '2019-04-25 09:34:42', '2019-04-25 09:34:42'),
	(273, 208, 41, 8, '', '2019-04-25 09:34:42', '2019-04-25 09:34:42'),
	(274, 208, 37, 24, '', '2019-04-25 09:34:42', '2019-04-25 09:34:42'),
	(275, 209, 99, 17, '', '2019-04-25 09:35:03', '2019-04-25 09:35:03'),
	(276, 210, 62, 8, '', '2019-04-25 09:35:39', '2019-04-25 09:35:39'),
	(277, 211, 4, 3, '', '2019-04-25 09:38:04', '2019-04-25 09:38:04'),
	(278, 212, 1, 80, '', '2019-04-25 09:38:51', '2019-04-25 09:38:51'),
	(279, 213, 2, 1, '', '2019-04-25 09:39:25', '2019-04-25 09:39:25'),
	(280, 214, 62, 7, '', '2019-04-25 09:40:52', '2019-04-25 09:40:52'),
	(281, 215, 1, 150, '', '2019-04-25 09:42:03', '2019-04-25 09:42:03'),
	(282, 216, 7, 150, '', '2019-04-25 09:42:24', '2019-04-25 09:42:24'),
	(283, 217, 60, 8, '', '2019-04-30 09:33:06', '2019-04-30 09:33:06'),
	(284, 218, 75, 18, '', '2019-04-30 09:33:31', '2019-04-30 09:33:31'),
	(285, 219, 30, 20, '', '2019-04-30 09:34:19', '2019-04-30 09:34:19'),
	(286, 220, 6, 3, '', '2019-04-30 09:34:50', '2019-04-30 09:34:50'),
	(287, 220, 102, 1, '', '2019-04-30 09:34:50', '2019-04-30 09:34:50'),
	(288, 221, 58, 1, '', '2019-04-30 09:35:03', '2019-04-30 09:35:03'),
	(289, 222, 16, 95, '', '2019-04-30 09:36:56', '2019-04-30 09:36:56'),
	(290, 223, 62, 22, '', '2019-04-30 09:37:29', '2019-04-30 09:37:29'),
	(291, 224, 7, 140, '', '2019-04-30 09:37:49', '2019-04-30 09:37:49'),
	(292, 225, 61, 14, '', '2019-04-30 09:38:26', '2019-04-30 09:38:26'),
	(293, 226, 16, 2, '', '2019-04-30 09:38:48', '2019-04-30 09:38:48'),
	(294, 227, 29, 46, '', '2019-04-30 09:39:10', '2019-04-30 09:39:10'),
	(295, 228, 1, 112, '', '2019-04-30 09:40:12', '2019-04-30 09:40:12'),
	(296, 228, 7, 10, '', '2019-04-30 09:40:12', '2019-04-30 09:40:12'),
	(297, 228, 8, 15, '', '2019-04-30 09:40:12', '2019-04-30 09:40:12'),
	(298, 229, 62, 8, '', '2019-04-30 09:40:53', '2019-04-30 09:40:53'),
	(299, 230, 17, 40, '', '2019-04-30 09:42:30', '2019-04-30 09:42:30'),
	(300, 231, 1, 50, '', '2019-04-30 09:43:00', '2019-04-30 09:43:00'),
	(301, 232, 7, 20, '', '2019-04-30 09:43:20', '2019-04-30 09:43:20'),
	(302, 233, 6, 3, '', '2019-04-30 09:43:44', '2019-04-30 09:43:44'),
	(303, 234, 4, 2, '', '2019-04-30 09:44:19', '2019-04-30 09:44:19'),
	(304, 235, 45, 219, '', '2019-05-02 08:51:26', '2019-05-02 08:51:26'),
	(305, 235, 43, 160, '', '2019-05-02 08:51:26', '2019-05-02 08:51:26'),
	(306, 236, 60, 8, '', '2019-05-02 08:51:52', '2019-05-02 08:51:52'),
	(307, 237, 104, 105, '', '2019-05-02 08:52:13', '2019-05-02 08:52:13'),
	(308, 238, 1, 100, '', '2019-05-02 08:52:45', '2019-05-02 08:52:45'),
	(309, 238, 7, 20, '', '2019-05-02 08:52:45', '2019-05-02 08:52:45'),
	(310, 239, 58, 5, '', '2019-05-02 08:53:15', '2019-05-02 08:53:15'),
	(311, 240, 85, 4, '', '2019-05-02 09:29:58', '2019-05-02 09:29:58'),
	(312, 241, 85, 50, '', '2019-05-02 09:30:09', '2019-05-02 09:30:09'),
	(313, 242, 17, 40, '', '2019-05-02 09:39:55', '2019-05-02 09:39:55'),
	(314, 243, 104, 105, '', '2019-05-08 15:48:07', '2019-05-08 15:48:07'),
	(315, 244, 62, 10, '', '2019-05-08 15:57:32', '2019-05-08 15:57:32'),
	(316, 245, 109, 2, '', '2019-05-08 15:58:15', '2019-05-08 15:58:15'),
	(317, 245, 69, 2, '', '2019-05-08 15:58:15', '2019-05-08 15:58:15'),
	(318, 245, 108, 3, '', '2019-05-08 15:58:15', '2019-05-08 15:58:15'),
	(319, 246, 1, 140, '', '2019-05-08 15:58:50', '2019-05-08 15:58:50'),
	(320, 247, 68, 6, '', '2019-05-08 15:59:14', '2019-05-08 15:59:14'),
	(321, 248, 24, 100, '', '2019-05-27 11:05:22', '2019-05-27 11:05:22'),
	(322, 249, 93, 8, '', '2019-05-27 11:05:55', '2019-05-27 11:05:55'),
	(323, 250, 108, 4, '', '2019-05-27 11:06:28', '2019-05-27 11:06:28'),
	(324, 250, 69, 4, '', '2019-05-27 11:06:28', '2019-05-27 11:06:28'),
	(325, 251, 2, 1, '', '2019-05-27 11:07:06', '2019-05-27 11:07:06'),
	(326, 251, 1, 25, '', '2019-05-27 11:07:07', '2019-05-27 11:07:07'),
	(327, 252, 7, 25, '', '2019-05-27 11:07:29', '2019-05-27 11:07:29'),
	(328, 253, 58, 1, '', '2019-05-27 11:07:58', '2019-05-27 11:07:58'),
	(329, 254, 104, 105, '', '2019-05-27 11:09:04', '2019-05-27 11:09:04'),
	(330, 255, 30, 15, '', '2019-05-27 11:14:04', '2019-05-27 11:14:04'),
	(331, 256, 12, 50, '', '2019-05-27 11:14:27', '2019-05-27 11:14:27'),
	(332, 257, 1, 147, '227-229', '2019-05-27 11:15:22', '2019-05-27 11:15:22'),
	(333, 257, 7, 3, '229', '2019-05-27 11:15:22', '2019-05-27 11:15:22'),
	(334, 257, 110, 1, '230', '2019-05-27 11:15:22', '2019-05-27 11:15:22'),
	(335, 258, 93, 4, '', '2019-05-27 11:16:19', '2019-05-27 11:16:19'),
	(336, 258, 62, 6, '', '2019-05-27 11:16:19', '2019-05-27 11:16:19'),
	(337, 259, 98, 10, '', '2019-05-27 11:17:35', '2019-05-27 11:17:35'),
	(338, 260, 8, 10, '', '2019-05-27 11:18:44', '2019-05-27 11:18:44'),
	(339, 261, 40, 5, '', '2019-05-27 11:19:26', '2019-05-27 11:19:26'),
	(340, 262, 104, 34, '', '2019-05-27 11:22:24', '2019-05-27 11:22:24'),
	(341, 262, 105, 16, '', '2019-05-27 11:22:24', '2019-05-27 11:22:24'),
	(342, 263, 5, 7, '', '2019-05-27 11:22:52', '2019-05-27 11:22:52'),
	(343, 264, 58, 5, '', '2019-05-27 11:23:10', '2019-05-27 11:23:10'),
	(344, 265, 113, 100, '11-12', '2019-05-27 11:34:41', '2019-07-03 20:29:51'),
	(345, 265, 101, 25, '10', '2019-05-27 11:34:42', '2019-05-27 11:34:42'),
	(346, 265, 98, 78, '9', '2019-05-27 11:34:42', '2019-05-27 11:34:42'),
	(347, 266, 3, 6, '', '2019-05-27 11:36:20', '2019-05-27 11:36:20'),
	(348, 266, 6, 7, '', '2019-05-27 11:36:21', '2019-05-27 11:36:21'),
	(349, 266, 1, 50, '', '2019-05-27 11:36:21', '2019-05-27 11:36:21'),
	(350, 266, 7, 50, '', '2019-05-27 11:36:21', '2019-05-27 11:36:21'),
	(351, 266, 8, 1, '', '2019-05-27 11:36:22', '2019-05-27 11:36:22'),
	(352, 267, 69, 4, '', '2019-05-27 11:38:30', '2019-05-27 11:38:30'),
	(353, 268, 31, 25, '15', '2019-05-27 11:39:05', '2019-05-27 11:39:05'),
	(354, 268, 113, 2, '14', '2019-05-27 11:39:05', '2019-05-27 11:39:05'),
	(355, 268, 27, 42, '13', '2019-05-27 11:39:05', '2019-05-27 11:39:05'),
	(356, 269, 107, 4, '', '2019-05-27 11:54:21', '2019-05-27 11:54:21'),
	(357, 270, 16, 40, '', '2019-05-27 11:54:44', '2019-05-27 11:54:44'),
	(358, 271, 61, 5, '', '2019-05-27 13:31:50', '2019-05-27 13:31:50'),
	(359, 271, 60, 9, '', '2019-05-27 13:31:51', '2019-05-27 13:31:51'),
	(360, 272, 66, 90, '', '2019-05-27 13:33:17', '2019-05-27 13:33:17'),
	(361, 272, 30, 5, '', '2019-05-27 13:33:17', '2019-05-27 13:33:17'),
	(362, 273, 6, 5, '', '2019-05-27 13:33:57', '2019-05-27 13:33:57'),
	(363, 273, 7, 150, '', '2019-05-27 13:33:57', '2019-05-27 13:33:57'),
	(364, 274, 57, 10, '', '2019-05-27 13:34:22', '2019-05-27 13:34:22'),
	(365, 275, 37, 80, '', '2019-05-27 13:35:59', '2019-05-27 13:35:59'),
	(366, 275, 42, 80, '', '2019-05-27 13:35:59', '2019-05-27 13:35:59'),
	(367, 275, 40, 20, '', '2019-05-27 13:36:00', '2019-05-27 13:36:00'),
	(368, 276, 17, 50, '', '2019-05-27 13:36:21', '2019-05-27 13:36:21'),
	(369, 277, 77, 8, '', '2019-05-27 13:37:36', '2019-05-27 13:37:36'),
	(370, 278, 42, 40, '', '2019-05-27 13:38:09', '2019-05-27 13:38:09'),
	(371, 279, 107, 11, '', '2019-05-27 13:38:39', '2019-05-27 13:38:39'),
	(372, 279, 75, 5, '', '2019-05-27 13:38:39', '2019-05-27 13:38:39'),
	(373, 280, 58, 1, '', '2019-05-27 13:38:53', '2019-05-27 13:38:53'),
	(374, 281, 77, 7, '', '2019-05-27 13:39:16', '2019-05-27 13:39:16'),
	(375, 282, 112, 105, '', '2019-05-27 13:39:36', '2019-05-27 13:39:36'),
	(376, 283, 52, 15, '', '2019-05-27 13:42:46', '2019-05-27 13:42:46'),
	(377, 284, 5, 2, '', '2019-05-27 13:43:31', '2019-05-27 13:43:31'),
	(378, 284, 1, 30, '', '2019-05-27 13:43:31', '2019-05-27 13:43:31'),
	(379, 284, 7, 55, '', '2019-05-27 13:43:31', '2019-05-27 13:43:31'),
	(380, 285, 30, 20, '', '2019-05-27 13:44:06', '2019-05-27 13:44:06'),
	(381, 286, 62, 8, '', '2019-05-27 13:44:32', '2019-05-27 13:44:32'),
	(382, 287, 1, 95, '', '2019-05-27 13:45:42', '2019-05-27 13:45:42'),
	(383, 287, 7, 55, '', '2019-05-27 13:45:42', '2019-05-27 13:45:42'),
	(384, 287, 8, 22, '', '2019-05-27 13:45:42', '2019-05-27 13:45:42'),
	(385, 288, 113, 100, '', '2019-05-27 13:46:13', '2019-05-27 13:46:13'),
	(386, 289, 7, 150, '', '2019-05-27 13:46:42', '2019-05-27 13:46:42'),
	(387, 289, 1, 50, '', '2019-05-27 13:46:42', '2019-05-27 13:46:42'),
	(388, 290, 1, 120, '', '2019-05-27 13:47:57', '2019-05-27 13:47:57'),
	(389, 290, 7, 10, '', '2019-05-27 13:47:57', '2019-05-27 13:47:57'),
	(390, 290, 8, 75, '', '2019-05-27 13:47:57', '2019-05-27 13:47:57'),
	(391, 291, 58, 5, '', '2019-05-27 13:48:17', '2019-05-27 13:48:17'),
	(392, 292, 42, 40, '', '2019-05-27 13:48:54', '2019-05-27 13:48:54'),
	(393, 292, 41, 9, '', '2019-05-27 13:48:54', '2019-05-27 13:48:54'),
	(394, 293, 12, 37, '', '2019-05-27 13:49:33', '2019-05-27 13:49:33'),
	(395, 293, 25, 34, '', '2019-05-27 13:49:33', '2019-05-27 13:49:33'),
	(396, 293, 9, 5, '', '2019-05-27 13:49:33', '2019-05-27 13:49:33'),
	(397, 294, 3, 1, '', '2019-05-27 13:50:12', '2019-05-27 13:50:12'),
	(398, 294, 1, 30, '', '2019-05-27 13:50:12', '2019-05-27 13:50:12'),
	(399, 294, 7, 40, '', '2019-05-27 13:50:12', '2019-05-27 13:50:12'),
	(400, 295, 101, 100, '', '2019-05-27 13:50:34', '2019-05-27 13:50:34'),
	(401, 296, 1, 80, '', '2019-05-27 13:51:10', '2019-05-27 13:51:10'),
	(402, 296, 7, 21, '', '2019-05-27 13:51:10', '2019-05-27 13:51:10'),
	(403, 296, 8, 5, '', '2019-05-27 13:51:10', '2019-05-27 13:51:10'),
	(404, 297, 13, 57, '', '2019-05-27 13:52:07', '2019-05-27 13:52:07'),
	(405, 297, 113, 10, '', '2019-05-27 13:52:07', '2019-05-27 13:52:07'),
	(406, 297, 114, 31, '', '2019-05-27 13:52:07', '2019-05-27 13:52:07'),
	(407, 297, 112, 69, '', '2019-05-27 13:52:07', '2019-05-27 13:52:07'),
	(408, 298, 1, 100, '', '2019-05-27 13:52:39', '2019-05-27 13:52:39'),
	(409, 298, 7, 65, '', '2019-05-27 13:52:39', '2019-05-27 13:52:39'),
	(410, 299, 62, 18, '', '2019-05-27 13:53:34', '2019-05-27 13:53:34'),
	(411, 299, 75, 2, '', '2019-05-27 13:53:34', '2019-05-27 13:53:34'),
	(412, 300, 1, 95, '', '2019-05-27 13:54:01', '2019-05-27 13:54:01'),
	(413, 301, 108, 3, '', '2019-05-27 13:54:31', '2019-05-27 13:54:31'),
	(414, 301, 69, 5, '', '2019-05-27 13:54:31', '2019-05-27 13:54:31'),
	(415, 302, 16, 20, '', '2019-05-27 13:54:57', '2019-05-27 13:54:57'),
	(416, 302, 11, 20, '', '2019-05-27 13:54:57', '2019-05-27 13:54:57'),
	(417, 303, 1, 60, '', '2019-05-27 13:55:45', '2019-05-27 13:55:45'),
	(418, 304, 84, 10, '', '2019-05-28 15:48:58', '2019-05-28 15:48:58'),
	(419, 305, 75, 18, '', '2019-05-28 15:49:40', '2019-05-28 15:49:40'),
	(420, 305, 89, 6, '', '2019-05-28 15:49:40', '2019-05-28 15:49:40'),
	(421, 305, 90, 5, '', '2019-05-28 15:49:40', '2019-05-28 15:49:40'),
	(422, 306, 60, 22, '', '2019-05-29 13:06:04', '2019-05-29 13:06:04'),
	(423, 306, 90, 7, '', '2019-05-29 13:06:04', '2019-05-29 13:06:04'),
	(424, 306, 75, 4, '', '2019-05-29 13:06:04', '2019-05-29 13:06:04'),
	(425, 307, 31, 10, '', '2019-05-29 13:06:25', '2019-05-29 13:06:25'),
	(426, 308, 5, 2, '266', '2019-05-29 13:07:05', '2019-05-29 13:07:05'),
	(427, 308, 1, 10, '266', '2019-05-29 13:07:06', '2019-05-29 13:07:06'),
	(428, 308, 7, 10, '266', '2019-05-29 13:07:06', '2019-05-29 13:07:06'),
	(429, 308, 8, 50, '265', '2019-05-29 13:07:06', '2019-05-29 13:07:06'),
	(430, 309, 58, 5, '', '2019-05-29 13:07:20', '2019-05-29 13:07:20'),
	(431, 310, 60, 3, '', '2019-05-29 13:09:53', '2019-05-29 13:09:53'),
	(432, 310, 62, 23, '', '2019-05-29 13:09:53', '2019-05-29 13:09:53'),
	(433, 311, 59, 2, '', '2019-05-29 13:49:38', '2019-05-29 13:49:38'),
	(434, 312, 62, 14, '', '2019-07-03 20:40:11', '2019-07-03 20:40:11'),
	(435, 313, 62, 22, '', '2019-07-03 20:42:25', '2019-07-03 20:42:25'),
	(436, 314, 15, 60, '', '2019-07-03 20:42:59', '2019-07-03 20:42:59'),
	(437, 315, 3, 1, '', '2019-07-03 20:43:44', '2019-07-03 20:43:44'),
	(438, 315, 1, 100, '', '2019-07-03 20:43:44', '2019-07-03 20:43:44'),
	(439, 315, 7, 150, '', '2019-07-03 20:43:44', '2019-07-03 20:43:44'),
	(440, 316, 42, 20, '', '2019-07-03 20:44:41', '2019-07-03 20:44:41'),
	(441, 316, 41, 12, '', '2019-07-03 20:44:41', '2019-07-03 20:44:41'),
	(442, 316, 37, 40, '', '2019-07-03 20:44:41', '2019-07-03 20:44:41'),
	(443, 316, 36, 5, '', '2019-07-03 20:44:41', '2019-07-03 20:44:41'),
	(444, 317, 3, 3, '', '2019-07-03 20:45:34', '2019-07-03 20:45:34'),
	(445, 317, 7, 15, '', '2019-07-03 20:45:35', '2019-07-03 20:45:35'),
	(446, 317, 1, 40, '', '2019-07-03 20:45:35', '2019-07-03 20:45:35'),
	(447, 317, 8, 127, '', '2019-07-03 20:45:35', '2019-07-03 20:45:35'),
	(448, 318, 119, 1, '', '2019-07-03 21:01:37', '2019-07-03 21:01:37'),
	(449, 319, 5, 1, '', '2019-07-03 21:02:25', '2019-07-03 21:02:25'),
	(450, 320, 52, 15, '', '2019-07-03 21:09:50', '2019-07-03 21:09:50'),
	(451, 321, 7, 50, '', '2019-07-03 21:10:52', '2019-07-03 21:10:52'),
	(452, 322, 121, 1, '', '2019-07-03 21:11:35', '2019-07-03 21:11:35'),
	(453, 323, 95, 100, '', '2019-07-03 21:12:47', '2019-07-03 21:12:47'),
	(454, 324, 52, 15, '', '2019-07-03 21:13:13', '2019-07-03 21:13:13'),
	(455, 325, 3, 4, '', '2019-07-03 21:13:47', '2019-07-03 21:13:47'),
	(456, 325, 1, 52, '', '2019-07-03 21:13:47', '2019-07-03 21:13:47'),
	(457, 326, 42, 60, '', '2019-07-03 21:15:49', '2019-07-03 21:15:49'),
	(458, 326, 37, 40, '', '2019-07-03 21:15:49', '2019-07-03 21:15:49'),
	(459, 327, 57, 10, '', '2019-07-03 21:16:15', '2019-07-03 21:16:15'),
	(460, 328, 114, 100, '', '2019-07-03 21:16:36', '2019-07-03 21:16:36'),
	(461, 329, 62, 10, '', '2019-07-03 21:16:59', '2019-07-03 21:16:59'),
	(462, 330, 7, 225, '', '2019-07-03 21:17:19', '2019-07-03 21:17:19'),
	(463, 331, 84, 5, '29', '2019-07-03 21:18:29', '2019-07-03 21:18:29'),
	(464, 331, 82, 5, '2', '2019-07-03 21:18:29', '2019-07-03 21:18:29'),
	(465, 332, 113, 100, '', '2019-07-03 21:18:56', '2019-07-03 21:18:56'),
	(466, 333, 62, 14, '', '2019-07-03 21:19:19', '2019-07-03 21:19:19'),
	(467, 334, 58, 5, '', '2019-07-03 21:22:23', '2019-07-03 21:22:23'),
	(468, 335, 37, 20, '', '2019-07-03 21:23:03', '2019-07-03 21:23:03'),
	(469, 336, 35, 12, '', '2019-07-03 21:23:54', '2019-07-03 21:23:54'),
	(470, 336, 42, 12, '', '2019-07-03 21:23:54', '2019-07-03 21:23:54'),
	(471, 337, 31, 70, '', '2019-07-03 21:24:21', '2019-07-03 21:24:21'),
	(472, 338, 122, 6, '', '2019-07-03 21:25:16', '2019-07-03 21:25:16'),
	(473, 339, 59, 1, '', '2019-07-03 21:25:31', '2019-07-03 21:25:31'),
	(474, 340, 96, 85, '', '2019-07-03 21:26:22', '2019-07-03 21:26:22'),
	(475, 341, 62, 8, '', '2019-07-03 21:26:48', '2019-07-03 21:26:48'),
	(476, 342, 123, 6, '283', '2019-07-03 21:27:34', '2019-07-03 21:27:34'),
	(477, 342, 7, 100, '283', '2019-07-03 21:27:34', '2019-07-03 21:27:34'),
	(478, 343, 88, 10, '', '2019-07-03 21:30:09', '2019-07-03 21:30:09'),
	(479, 343, 87, 10, '', '2019-07-03 21:30:09', '2019-07-03 21:30:09'),
	(480, 344, 118, 2, '', '2019-07-03 21:30:59', '2019-07-03 21:30:59'),
	(481, 344, 119, 1, '', '2019-07-03 21:30:59', '2019-07-03 21:30:59'),
	(482, 344, 120, 1, '', '2019-07-03 21:30:59', '2019-07-03 21:30:59'),
	(483, 345, 43, 360, '', '2019-07-03 21:31:28', '2019-07-03 21:31:28'),
	(484, 346, 62, 4, '', '2019-07-03 21:31:38', '2019-07-03 21:31:38'),
	(485, 347, 3, 4, '284', '2019-07-03 21:33:09', '2019-07-03 21:33:09'),
	(486, 347, 123, 2, '286', '2019-07-03 21:33:09', '2019-07-03 21:33:09'),
	(487, 347, 1, 75, '285', '2019-07-03 21:33:09', '2019-07-03 21:33:09'),
	(488, 348, 84, 5, '', '2019-07-03 21:34:18', '2019-07-03 21:34:18'),
	(489, 349, 8, 20, '', '2019-07-03 21:39:02', '2019-07-03 21:39:02'),
	(490, 349, 1, 75, '', '2019-07-03 21:39:02', '2019-07-03 21:39:02'),
	(491, 350, 84, 20, '', '2019-07-03 21:39:51', '2019-07-03 21:39:51'),
	(492, 351, 114, 34, '', '2019-07-03 21:40:09', '2019-07-03 21:40:09'),
	(493, 352, 2, 3, '291-292', '2019-07-03 21:41:10', '2019-07-03 21:41:10'),
	(494, 352, 7, 90, '289-290', '2019-07-03 21:41:10', '2019-07-03 21:41:10'),
	(495, 353, 42, 20, '', '2019-07-03 21:41:36', '2019-07-03 21:41:36'),
	(496, 354, 113, 32, '', '2019-07-03 21:42:54', '2019-07-03 21:42:54'),
	(497, 355, 122, 4, '296', '2019-07-03 21:43:51', '2019-07-03 21:43:51'),
	(498, 355, 8, 20, '293-294', '2019-07-03 21:43:51', '2019-07-03 21:43:51'),
	(499, 356, 127, 77, '', '2019-07-03 21:58:43', '2019-07-03 21:58:43'),
	(500, 357, 122, 3, '300', '2019-07-03 22:01:28', '2019-07-03 22:01:28'),
	(501, 357, 2, 1, '295', '2019-07-03 22:01:28', '2019-07-03 22:01:28'),
	(502, 357, 7, 20, '297', '2019-07-03 22:01:28', '2019-07-03 22:01:28'),
	(503, 357, 1, 10, '299', '2019-07-03 22:01:28', '2019-07-03 22:01:28'),
	(504, 357, 8, 10, '299', '2019-07-03 22:01:28', '2019-07-03 22:01:28'),
	(505, 358, 39, 15, '', '2019-07-04 07:22:04', '2019-07-04 07:22:04'),
	(506, 359, 1, 250, '', '2019-07-04 07:23:38', '2019-07-04 07:23:38'),
	(507, 360, 3, 4, '', '2019-07-04 07:31:39', '2019-07-04 07:31:39'),
	(508, 360, 8, 75, '', '2019-07-04 07:31:39', '2019-07-04 07:31:39'),
	(509, 360, 1, 8, '', '2019-07-04 07:31:39', '2019-07-04 07:31:39'),
	(510, 360, 7, 2, '', '2019-07-04 07:31:39', '2019-07-04 07:31:39');
/*!40000 ALTER TABLE `muat_footer` ENABLE KEYS */;

-- Dumping structure for table warehouse.muat_header
CREATE TABLE IF NOT EXISTS `muat_header` (
  `id` int(10) unsigned NOT NULL AUTO_INCREMENT,
  `client_id` int(10) unsigned NOT NULL,
  `droporder_id` varchar(191) COLLATE utf8mb4_unicode_ci NOT NULL DEFAULT '-',
  `truck_number` varchar(191) COLLATE utf8mb4_unicode_ci NOT NULL DEFAULT '-',
  `delivered_at` datetime NOT NULL,
  `created_at` timestamp NULL DEFAULT NULL,
  `updated_at` timestamp NULL DEFAULT NULL,
  PRIMARY KEY (`id`)
) ENGINE=InnoDB AUTO_INCREMENT=361 DEFAULT CHARSET=utf8mb4 COLLATE=utf8mb4_unicode_ci;

-- Dumping data for table warehouse.muat_header: ~358 rows (approximately)
/*!40000 ALTER TABLE `muat_header` DISABLE KEYS */;
REPLACE INTO `muat_header` (`id`, `client_id`, `droporder_id`, `truck_number`, `delivered_at`, `created_at`, `updated_at`) VALUES
	(1, 2, '12.03.19', 'L 8105 PR', '2019-03-08 00:00:00', '2019-03-19 10:31:42', '2019-03-19 10:31:42'),
	(2, 2, '115.02.2019', 'L 8105 PR', '2019-03-01 00:00:00', '2019-03-19 10:31:42', '2019-03-19 10:31:42'),
	(3, 2, '116.03.2019', 'L 8105 PR', '2019-03-02 00:00:00', '2019-03-19 10:31:42', '2019-03-19 10:31:42'),
	(4, 2, '117.03.2019', 'L 8105 PR', '2019-03-04 00:00:00', '2019-03-19 10:31:42', '2019-03-19 10:31:42'),
	(5, 2, '118.03.2019', 'L 8105 PR', '2019-03-04 00:00:00', '2019-03-19 10:31:42', '2019-03-19 10:31:42'),
	(6, 2, '119.03.2019', 'L 8105 PR', '2019-03-05 00:00:00', '2019-03-19 10:31:42', '2019-03-19 10:31:42'),
	(7, 2, '120.03.2019', 'L 8105 PR', '2019-03-05 00:00:00', '2019-03-19 10:31:42', '2019-03-19 10:31:42'),
	(8, 2, '121.03.2019', 'L 8105 PR', '2019-03-05 00:00:00', '2019-03-19 10:31:42', '2019-03-19 10:31:42'),
	(9, 2, '122.03.2019', 'L 8105 PR', '2019-03-06 00:00:00', '2019-03-19 10:31:42', '2019-03-19 10:31:42'),
	(10, 2, '123.03.2019', 'L 8105 PR', '2019-03-05 00:00:00', '2019-03-19 10:31:42', '2019-03-19 10:31:42'),
	(11, 2, '124.03.2019', 'L 8105 PR', '2019-03-06 00:00:00', '2019-03-19 10:31:42', '2019-03-19 10:31:42'),
	(12, 2, '125.03.2019', 'L 8105 PR', '2019-03-06 00:00:00', '2019-03-19 10:31:42', '2019-03-19 10:31:42'),
	(13, 2, '126.03.2019', 'L 8105 PR', '2019-03-06 00:00:00', '2019-03-19 10:31:42', '2019-03-19 10:31:42'),
	(14, 2, '109.02.2019', 'L 8105 PR', '2019-03-02 00:00:00', '2019-03-19 10:31:42', '2019-03-19 10:31:42'),
	(15, 7, '01/03/2019', 'L 9240 AY', '2019-03-01 00:00:00', '2019-03-19 10:31:42', '2019-03-19 10:31:42'),
	(16, 7, '02/03/2019', 'L 9240 AY', '2019-03-05 00:00:00', '2019-03-19 10:31:42', '2019-03-19 10:31:42'),
	(17, 7, '03/03/2019', 'L 9240 AY', '2019-03-08 00:00:00', '2019-03-19 10:31:42', '2019-03-19 10:31:42'),
	(18, 7, '04/03/2019', 'L 9240 AY', '2019-03-08 00:00:00', '2019-03-19 10:31:42', '2019-03-19 10:31:42'),
	(19, 7, '05/03/2019', 'L 9240 AY', '2019-03-09 00:00:00', '2019-03-19 10:31:42', '2019-03-19 10:31:42'),
	(20, 3, 'MEMO', 'M 8308 UH', '2019-03-02 00:00:00', '2019-03-19 10:31:42', '2019-03-19 10:31:42'),
	(21, 11, '000156', 'L 9372 Z', '2019-03-04 00:00:00', '2019-03-19 10:31:42', '2019-03-19 10:31:42'),
	(22, 12, 'BJ/02/03/ABD/19', 'L 8267 JA', '2019-03-05 00:00:00', '2019-03-19 10:31:42', '2019-03-19 10:31:42'),
	(23, 12, 'AS/31/03/ABD/19', 'L 8267 JA', '2019-03-05 00:00:00', '2019-03-19 10:31:42', '2019-03-19 10:31:42'),
	(24, 6, '01/03/2019', 'L 8763 VE', '2019-03-01 00:00:00', '2019-03-19 10:31:42', '2019-03-19 10:31:42'),
	(25, 6, '02/03/2019', 'L 8763 VE', '2019-03-02 00:00:00', '2019-03-19 10:31:42', '2019-03-19 10:31:42'),
	(26, 6, '03/03/2019', 'L 9784 VA', '2019-03-05 00:00:00', '2019-03-19 10:31:42', '2019-03-19 10:31:42'),
	(27, 6, '04/03/2019', 'L 8763 VE', '2019-03-06 00:00:00', '2019-03-19 10:31:42', '2019-03-19 10:31:42'),
	(28, 4, '000071', 'l 9404 AY', '2019-03-11 00:00:00', '2019-03-19 10:32:55', '2019-03-19 10:32:55'),
	(29, 6, '05/03/2019', 'L 9784 VA', '2019-03-11 00:00:00', '2019-03-19 10:37:47', '2019-03-19 10:37:47'),
	(30, 5, '20/SYM/0319', 'L 9438 AJ', '2019-03-11 00:00:00', '2019-03-19 10:39:29', '2019-03-19 10:39:29'),
	(31, 2, '131.03.2019', 'L 8105 PR', '2019-03-11 00:00:00', '2019-03-19 10:41:15', '2019-03-19 10:41:15'),
	(32, 5, '21/SYM/0319', 'L 9438 AJ', '2019-03-12 00:00:00', '2019-03-19 10:43:02', '2019-03-19 10:43:02'),
	(33, 2, '134.03.2019', 'L 8105 PR', '2019-03-12 00:00:00', '2019-03-19 10:44:36', '2019-03-19 10:44:36'),
	(34, 2, '130-132.03.2019', 'L 8105 PR', '2019-03-12 00:00:00', '2019-03-19 10:46:22', '2019-03-19 10:46:22'),
	(35, 12, 'BJ/03/III/PA/19', 'L 9212 NS', '2019-03-13 00:00:00', '2019-03-19 10:49:33', '2019-03-19 10:49:33'),
	(36, 7, '06/03/2019', 'L 9240 AY', '2019-03-13 00:00:00', '2019-03-19 10:51:11', '2019-03-19 10:51:11'),
	(37, 2, '128/133/135/137.03.2019', 'L 8105 PR', '2019-03-13 00:00:00', '2019-03-19 10:54:03', '2019-03-19 10:54:03'),
	(38, 2, '129/136.03.2019', 'L 8105 PR', '2019-03-13 00:00:00', '2019-03-19 10:56:40', '2019-03-19 10:56:40'),
	(39, 11, '000158', 'L 9935 VC', '2019-03-13 00:00:00', '2019-03-19 11:06:10', '2019-03-19 11:06:10'),
	(40, 11, '000159', 'L 9372 Z', '2019-03-13 00:00:00', '2019-03-19 11:10:03', '2019-03-19 11:10:03'),
	(41, 7, '07/03/2019', 'L 9240 AY', '2019-03-13 00:00:00', '2019-03-19 11:20:22', '2019-03-19 11:20:22'),
	(42, 5, '22/SYM/0319', 'L 1195 TN', '2019-03-14 00:00:00', '2019-03-19 11:22:19', '2019-03-19 11:22:19'),
	(43, 7, '09/03/2019', 'L 9240 AJ', '2019-03-14 00:00:00', '2019-03-19 11:23:38', '2019-03-19 11:23:38'),
	(44, 2, '138/139/142.03.2019', 'L 8105 PR', '2019-03-14 00:00:00', '2019-03-19 11:31:08', '2019-03-19 11:31:08'),
	(45, 2, '140/141.03.2019', 'L 8105 PR', '2019-03-14 00:00:00', '2019-03-19 11:32:34', '2019-03-19 11:32:34'),
	(46, 4, '000073', 'L 9404 AY HOIRI', '2019-03-14 00:00:00', '2019-03-19 11:35:52', '2019-03-19 11:35:52'),
	(47, 5, '21/SYM/0319', 'L 9438 AJ', '2019-03-14 00:00:00', '2019-03-19 11:37:43', '2019-03-19 11:37:43'),
	(48, 7, '08/03/2019', 'L 9240 AY', '2019-03-14 00:00:00', '2019-03-19 12:04:23', '2019-03-19 12:04:23'),
	(49, 2, '143/145.03.2019', 'L 8105 PR', '2019-03-15 00:00:00', '2019-03-19 13:35:29', '2019-03-19 13:35:29'),
	(50, 7, '10/03/2019', 'L 9240 AY', '2019-03-15 00:00:00', '2019-03-19 13:37:24', '2019-03-19 13:37:24'),
	(51, 7, '11/03/2019', 'S 9048 UN', '2019-03-15 00:00:00', '2019-03-19 13:40:09', '2019-03-19 13:40:09'),
	(52, 4, '000075', 'L 9404 AY', '2019-03-15 00:00:00', '2019-03-19 13:42:10', '2019-03-19 13:42:10'),
	(53, 5, 'SJ/0319/SYM/052', 'AG 9109 UR', '2019-03-15 00:00:00', '2019-03-19 13:48:46', '2019-03-19 13:48:46'),
	(54, 5, '22/SYM/0319', 'L 9938 AJ', '2019-03-15 00:00:00', '2019-03-19 13:51:02', '2019-03-19 13:51:02'),
	(55, 7, '12/03/2019', 'L 9240 AY', '2019-03-16 00:00:00', '2019-03-19 13:52:04', '2019-03-19 13:52:04'),
	(56, 6, '06/03/2019', 'L 8763 UF', '2019-03-16 00:00:00', '2019-03-19 13:53:17', '2019-03-19 13:53:17'),
	(57, 2, '146,147/03/2019', 'L 8105 PR', '2019-03-16 00:00:00', '2019-03-19 13:55:18', '2019-03-19 13:55:18'),
	(58, 6, '08/03/2019', 'L 9802 UB', '2019-03-16 00:00:00', '2019-03-19 13:57:01', '2019-03-19 13:57:01'),
	(59, 6, 'MEMO 07/03/2019', 'L 9802 UB', '2019-03-16 00:00:00', '2019-03-19 13:58:06', '2019-03-19 13:58:06'),
	(60, 7, '13/03/2019', 'L 9240 AY', '2019-03-18 00:00:00', '2019-03-19 14:21:41', '2019-03-19 14:21:41'),
	(61, 6, 'MEMO 10/03/2019', 'L 8763  UF', '2019-03-18 00:00:00', '2019-03-19 14:23:57', '2019-03-19 14:23:57'),
	(62, 7, '14/03/2019', 'L 9240 AY', '2019-03-19 00:00:00', '2019-03-19 14:38:11', '2019-03-19 14:38:11'),
	(63, 6, '10/03/2019', 'L 9784 UA', '2019-03-19 00:00:00', '2019-03-19 14:40:17', '2019-03-19 14:40:17'),
	(64, 2, '144.,150,151,152.03.2019', 'L 8105 PR', '2019-03-19 00:00:00', '2019-03-19 14:53:28', '2019-03-19 14:53:28'),
	(65, 2, '153.03.2019', 'L 8105 PR', '2019-03-19 00:00:00', '2019-03-19 14:56:12', '2019-03-19 14:56:12'),
	(66, 7, '15/03/2019', 'L 9240 AY', '2019-03-19 00:00:00', '2019-03-19 14:57:23', '2019-03-19 14:57:23'),
	(67, 2, '154/03/2019', 'L 8105 PR', '2019-03-19 00:00:00', '2019-03-19 14:59:59', '2019-03-19 14:59:59'),
	(68, 6, 'MEMO 19/03/2019', 'L 8763 UE', '2019-03-19 00:00:00', '2019-03-19 15:20:15', '2019-03-19 15:20:15'),
	(69, 6, '19/03/2019', 'L 9784  UA', '2019-03-18 00:00:00', '2019-03-19 15:23:24', '2019-03-19 15:23:24'),
	(70, 2, '149/03/19', 'L 8105 PR', '2019-03-20 00:00:00', '2019-03-21 09:59:35', '2019-03-21 09:59:35'),
	(71, 12, 'BJ/04/III/M4NYA/19', 'W 9212 NS', '2019-03-20 00:00:00', '2019-03-21 10:01:34', '2019-03-21 10:01:34'),
	(72, 2, '1566/03/19-155/03/19', 'L 8105 PR', '2019-03-20 00:00:00', '2019-03-21 10:02:24', '2019-03-21 10:02:24'),
	(75, 6, '12/03/19', 'L 8763 UF', '2019-03-21 00:00:00', '2019-03-22 11:06:42', '2019-03-22 11:06:42'),
	(76, 7, '16/03/19', 'L 9240 AY', '2019-03-21 00:00:00', '2019-03-22 11:07:29', '2019-03-22 11:07:29'),
	(77, 2, '157/03/19 - 158/03/19', 'L 8105 PR', '2019-03-22 00:00:00', '2019-03-26 10:48:48', '2019-03-26 10:48:48'),
	(78, 2, '160/03/19', 'L 8105 PR', '2019-03-22 00:00:00', '2019-03-26 10:49:26', '2019-03-26 10:49:26'),
	(79, 2, '159/03/19', 'L 8105 PR', '2019-03-23 00:00:00', '2019-03-26 10:50:11', '2019-03-26 10:50:11'),
	(80, 2, '161/03/19 - 162/03/19', 'L 8105 PR', '2019-03-23 00:00:00', '2019-03-26 10:51:06', '2019-03-26 10:51:06'),
	(81, 2, '165/03/19', 'L 8105 PR', '2019-03-25 00:00:00', '2019-03-26 10:54:30', '2019-03-26 10:54:30'),
	(82, 2, '163/03/19 - 164/03/19', 'L 8105 PR', '2019-03-25 00:00:00', '2019-03-26 10:55:12', '2019-03-26 10:55:12'),
	(83, 11, '162', 'L 9372 Z', '2019-03-22 00:00:00', '2019-03-26 10:58:48', '2019-03-26 10:58:48'),
	(84, 11, '163', 'L 9372 Z', '2019-03-25 00:00:00', '2019-03-26 10:59:23', '2019-03-26 10:59:23'),
	(85, 7, '17/03/19', 'L 9240 AY', '2019-03-22 00:00:00', '2019-03-26 11:03:30', '2019-03-26 11:03:30'),
	(86, 7, '18/03/19', 'L 9543 AF', '2019-03-22 00:00:00', '2019-03-26 11:04:19', '2019-03-26 11:04:19'),
	(87, 7, '19/03/2019', 'L 9240 AY', '2019-03-25 00:00:00', '2019-03-26 11:04:51', '2019-03-26 11:04:51'),
	(88, 3, 'MEMO', 'L 9337 VC', '2019-03-25 00:00:00', '2019-03-26 11:11:52', '2019-03-26 11:11:52'),
	(89, 3, 'MEMO', 'L 9337 VC (II)', '2019-03-25 00:00:00', '2019-03-26 11:14:21', '2019-03-26 11:14:21'),
	(90, 6, '13/03/2019', 'L 8763 UE', '2019-03-22 00:00:00', '2019-03-26 11:16:26', '2019-03-26 11:16:26'),
	(91, 6, '14/03/19', 'L 8763 UE', '2019-03-22 00:00:00', '2019-03-26 11:17:13', '2019-03-26 11:17:13'),
	(92, 6, '15/03/19', 'L 8763 UE', '2019-03-23 00:00:00', '2019-03-26 11:17:55', '2019-03-26 11:17:55'),
	(93, 1, '42/III/19', 'L 9289 VF', '2019-03-26 00:00:00', '2019-03-26 11:31:58', '2019-03-26 11:31:58'),
	(94, 1, '43/03/19', 'L 8015 VE', '2019-03-26 00:00:00', '2019-03-26 11:35:51', '2019-03-26 11:35:51'),
	(95, 11, '165.3.19', '-', '2019-03-26 00:00:00', '2019-03-29 12:37:18', '2019-03-29 12:37:18'),
	(96, 7, '20.03.2019', '-', '2019-03-26 00:00:00', '2019-03-29 12:41:55', '2019-03-29 12:41:55'),
	(97, 6, '16.03.2019', '-', '2019-03-26 00:00:00', '2019-03-29 12:47:22', '2019-03-29 12:47:22'),
	(98, 6, '18.03.2019', '-', '2019-03-27 00:00:00', '2019-03-29 12:52:54', '2019-03-29 12:52:54'),
	(99, 6, '17.03.2019', '-', '2019-03-27 00:00:00', '2019-03-29 12:56:15', '2019-03-29 12:56:15'),
	(100, 6, '17-18.03.2019', '-', '2019-03-27 00:00:00', '2019-03-29 12:58:52', '2019-03-29 12:58:52'),
	(101, 2, '166.03.2019', '-', '2019-03-27 00:00:00', '2019-03-29 12:59:45', '2019-03-29 12:59:45'),
	(102, 11, '166.03.2019', '-', '2019-03-27 00:00:00', '2019-03-29 13:00:28', '2019-03-29 13:00:28'),
	(103, 7, '21.03.2019', '-', '2019-03-28 00:00:00', '2019-03-29 13:12:18', '2019-03-29 13:12:18'),
	(104, 6, '19.03.2019', '-', '2019-03-28 00:00:00', '2019-03-29 13:12:57', '2019-03-29 13:12:57'),
	(105, 2, '167-170.03.2019', '-', '2019-03-28 00:00:00', '2019-03-29 13:13:40', '2019-03-29 13:13:40'),
	(106, 2, '171.03.2019', '-', '2019-03-28 00:00:00', '2019-03-29 13:14:35', '2019-03-29 13:14:35'),
	(107, 2, '168-170.03.2019', '-', '2019-03-28 00:00:00', '2019-03-29 13:17:49', '2019-03-29 13:17:49'),
	(108, 2, '169-170', '-', '2019-03-28 00:00:00', '2019-03-29 13:27:51', '2019-03-29 13:27:51'),
	(109, 11, '167.03.2019', '-', '2019-03-28 00:00:00', '2019-03-29 13:28:23', '2019-03-29 13:28:23'),
	(110, 1, '44.03.2019', '-', '2019-03-28 00:00:00', '2019-03-29 13:28:41', '2019-03-29 13:28:41'),
	(111, 12, '27.03.2019', '-', '2019-03-26 00:00:00', '2019-03-29 13:30:17', '2019-03-29 13:30:17'),
	(112, 5, '25.03.2019', '-', '2019-03-29 00:00:00', '2019-03-30 10:04:11', '2019-03-30 10:04:11'),
	(113, 6, '-', '-', '2019-03-29 00:00:00', '2019-03-30 10:05:30', '2019-03-30 10:05:30'),
	(114, 11, '168.03.2019', '-', '2019-03-29 00:00:00', '2019-03-30 10:06:03', '2019-03-30 10:06:03'),
	(115, 6, '-', '-', '2019-03-30 00:00:00', '2019-03-30 13:35:47', '2019-03-30 13:35:47'),
	(116, 2, '-', '-', '2019-03-30 00:00:00', '2019-03-30 13:36:15', '2019-03-30 13:36:15'),
	(117, 7, '22/03/19', 'L 9543 AF', '2019-03-30 00:00:00', '2019-03-30 14:18:05', '2019-03-30 14:18:05'),
	(118, 7, '23/03/19', 'L 9543 AF', '2019-03-30 00:00:00', '2019-03-30 14:18:44', '2019-03-30 14:18:44'),
	(119, 13, '-', '-', '2019-03-02 00:00:00', '2019-04-02 15:20:27', '2019-04-02 15:20:27'),
	(120, 13, '-', '-', '2019-03-06 00:00:00', '2019-04-02 15:20:47', '2019-04-02 15:20:47'),
	(121, 13, '-', '-', '2019-03-19 00:00:00', '2019-04-02 15:21:14', '2019-04-02 15:21:14'),
	(122, 13, '-', '-', '2019-03-20 00:00:00', '2019-04-02 15:21:41', '2019-04-02 15:21:41'),
	(123, 13, '-', '-', '2019-03-25 00:00:00', '2019-04-02 15:22:01', '2019-04-02 15:22:01'),
	(124, 13, '-', '-', '2019-03-26 00:00:00', '2019-04-02 15:22:30', '2019-04-02 15:22:30'),
	(125, 10, '-', '-', '2019-03-14 00:00:00', '2019-04-02 15:29:11', '2019-04-02 15:29:11'),
	(126, 10, '-', '-', '2019-03-13 00:00:00', '2019-04-02 15:31:14', '2019-04-02 15:31:14'),
	(127, 10, '-', '-', '2019-03-27 00:00:00', '2019-04-02 15:31:36', '2019-04-02 15:31:36'),
	(128, 10, '-', '-', '2019-03-28 00:00:00', '2019-04-02 15:31:51', '2019-04-02 15:31:51'),
	(129, 14, '-', '-', '2019-03-25 00:00:00', '2019-04-02 15:48:21', '2019-04-02 15:48:21'),
	(130, 10, 'Memo', '-', '2019-04-01 00:00:00', '2019-04-04 15:50:50', '2019-04-04 15:50:50'),
	(131, 7, '01.04.2019', '-', '2019-04-01 00:00:00', '2019-04-04 15:51:37', '2019-04-04 15:51:37'),
	(132, 7, '02.04.2019', '-', '2019-04-01 00:00:00', '2019-04-04 15:52:12', '2019-04-04 15:52:12'),
	(133, 7, '03.04.2019', '-', '2019-04-01 00:00:00', '2019-04-04 15:52:37', '2019-04-04 15:52:37'),
	(134, 6, '01.04.2019', '-', '2019-04-01 00:00:00', '2019-04-04 15:56:55', '2019-04-04 15:56:55'),
	(135, 2, '172.04.2019', '-', '2019-04-01 00:00:00', '2019-04-04 15:57:31', '2019-04-04 15:57:31'),
	(136, 11, '169.04.2019', '-', '2019-04-01 00:00:00', '2019-04-04 15:58:15', '2019-04-04 15:58:15'),
	(137, 6, '02.04.2019', '-', '2019-04-02 00:00:00', '2019-04-05 10:52:43', '2019-04-05 10:52:43'),
	(138, 12, '01.04.2019', '-', '2019-04-02 00:00:00', '2019-04-05 10:53:30', '2019-04-05 10:53:30'),
	(139, 11, '170.04.2019', '-', '2019-04-02 00:00:00', '2019-04-05 10:53:55', '2019-04-05 10:53:55'),
	(140, 7, '05.04.2019', '-', '2019-04-04 00:00:00', '2019-04-05 10:55:16', '2019-04-05 10:55:16'),
	(141, 7, '04.04.2019', '-', '2019-04-04 00:00:00', '2019-04-05 10:55:45', '2019-04-05 10:55:45'),
	(142, 6, '05.04.2019', '-', '2019-04-04 00:00:00', '2019-04-05 10:56:17', '2019-04-05 10:56:17'),
	(143, 2, '176.04.2019', '-', '2019-04-04 00:00:00', '2019-04-05 10:58:07', '2019-04-05 10:58:07'),
	(144, 2, '174.04.2019', '-', '2019-04-04 00:00:00', '2019-04-05 10:58:42', '2019-04-05 10:58:42'),
	(145, 2, '173-177.04.2019', '-', '2019-04-04 00:00:00', '2019-04-05 10:59:28', '2019-04-05 10:59:28'),
	(146, 11, '173.04.2019', '-', '2019-04-04 00:00:00', '2019-04-05 10:59:53', '2019-04-05 10:59:53'),
	(147, 10, '-', '-', '2019-04-04 00:00:00', '2019-04-05 11:00:26', '2019-04-05 11:00:26'),
	(148, 7, '-', '06.04.2019', '2019-04-05 00:00:00', '2019-04-06 13:54:05', '2019-04-06 13:54:05'),
	(149, 6, '07.04.2019', '-', '2019-04-05 00:00:00', '2019-04-06 13:57:48', '2019-04-06 13:57:48'),
	(150, 6, '06.04.2019', '-', '2019-04-05 00:00:00', '2019-04-06 13:58:51', '2019-04-06 13:58:51'),
	(151, 2, '148/3.04.2019', '-', '2019-04-05 00:00:00', '2019-04-06 14:00:47', '2019-04-06 14:00:47'),
	(152, 2, '178/3.04.2019', '-', '2019-04-05 00:00:00', '2019-04-06 14:01:09', '2019-04-06 14:01:09'),
	(153, 1, '45.04.2019', '-', '2019-04-05 00:00:00', '2019-04-06 14:02:30', '2019-04-06 14:02:30'),
	(154, 11, '175.04.2019', '-', '2019-04-05 00:00:00', '2019-04-06 14:03:02', '2019-04-06 14:03:02'),
	(155, 6, 'Memo', '-', '2019-04-06 00:00:00', '2019-04-06 14:04:16', '2019-04-06 14:04:16'),
	(156, 7, '07.04.2019', '-', '2019-04-06 00:00:00', '2019-04-06 14:04:48', '2019-04-06 14:04:48'),
	(157, 2, '179.04.2019', '-', '2019-04-06 00:00:00', '2019-04-06 14:05:49', '2019-04-06 14:05:49'),
	(158, 10, '-', '-', '2019-04-01 00:00:00', '2019-04-08 10:19:41', '2019-04-08 10:19:41'),
	(159, 10, '-', '-', '2019-04-04 00:00:00', '2019-04-08 10:19:57', '2019-04-08 10:19:57'),
	(160, 10, '-', '-', '2019-04-05 00:00:00', '2019-04-08 10:20:11', '2019-04-08 10:20:11'),
	(161, 10, '-', '-', '2019-04-06 00:00:00', '2019-04-08 10:20:25', '2019-04-08 10:20:25'),
	(162, 10, '-', '-', '2019-04-08 00:00:00', '2019-04-08 10:20:36', '2019-04-08 15:10:23'),
	(163, 6, '09.04.2019', '-', '2019-04-08 00:00:00', '2019-04-12 09:34:09', '2019-04-12 09:34:09'),
	(164, 7, '09.04.2019', '-', '2019-04-08 00:00:00', '2019-04-12 09:34:44', '2019-04-12 09:34:44'),
	(165, 6, '10.04.2019', '-', '2019-04-08 00:00:00', '2019-04-12 09:35:19', '2019-04-12 09:35:19'),
	(166, 2, '180.04.2019', '-', '2019-04-08 00:00:00', '2019-04-12 09:35:46', '2019-04-12 09:35:46'),
	(167, 5, '26.04.2019', '-', '2019-04-09 00:00:00', '2019-04-12 09:37:20', '2019-04-12 09:37:20'),
	(168, 6, '11.04.2019', '-', '2019-04-09 00:00:00', '2019-04-12 09:41:59', '2019-04-12 09:41:59'),
	(169, 6, '13.04.2019', '-', '2019-04-09 00:00:00', '2019-04-12 09:42:38', '2019-04-12 09:42:38'),
	(170, 6, '12.04.2019', '-', '2019-04-09 00:00:00', '2019-04-12 09:43:11', '2019-04-12 09:43:11'),
	(171, 1, '46.04.2019', '-', '2019-04-09 00:00:00', '2019-04-12 09:44:46', '2019-04-12 09:44:46'),
	(172, 5, '27.04.2019', '-', '2019-04-10 00:00:00', '2019-04-12 09:45:56', '2019-04-12 09:45:56'),
	(173, 7, '10.04.2019', '-', '2019-04-10 00:00:00', '2019-04-12 09:49:55', '2019-04-12 09:49:55'),
	(174, 6, '14.04.2019', '-', '2019-04-10 00:00:00', '2019-04-12 09:51:01', '2019-04-12 09:51:01'),
	(175, 6, '15.04.2019', '-', '2019-04-10 00:00:00', '2019-04-12 09:51:46', '2019-04-12 09:51:46'),
	(176, 2, '186.04.2019', '-', '2019-04-10 00:00:00', '2019-04-12 09:52:33', '2019-04-12 09:52:33'),
	(177, 2, '183.04.2019', '-', '2019-04-10 00:00:00', '2019-04-12 09:53:03', '2019-04-12 09:53:03'),
	(178, 2, '182,184,185,187.04.2019', '-', '2019-04-10 00:00:00', '2019-04-12 09:53:51', '2019-04-12 09:53:51'),
	(179, 2, '182.04.2019', '-', '2019-04-10 00:00:00', '2019-04-12 09:55:15', '2019-04-12 09:55:15'),
	(180, 2, '181.04.2019', '-', '2019-04-10 00:00:00', '2019-04-12 09:56:02', '2019-04-12 09:56:02'),
	(181, 6, '-', '-', '2019-04-11 00:00:00', '2019-04-12 10:05:57', '2019-04-12 10:05:57'),
	(182, 7, '11.04.2019', '-', '2019-04-11 00:00:00', '2019-04-12 10:17:00', '2019-04-12 10:17:00'),
	(183, 2, '188.04.2019', '-', '2019-04-11 00:00:00', '2019-04-12 10:17:32', '2019-04-12 10:17:32'),
	(184, 1, '-', '-', '2019-04-11 00:00:00', '2019-04-12 10:17:44', '2019-04-12 10:17:44'),
	(185, 7, '14.04.2019', '-', '2019-04-12 00:00:00', '2019-04-16 15:01:38', '2019-04-16 15:01:38'),
	(186, 7, '13.04.2019', '-', '2019-04-12 00:00:00', '2019-04-16 15:02:14', '2019-04-16 15:02:14'),
	(187, 7, '12.04.2019', '-', '2019-04-12 00:00:00', '2019-04-16 15:03:20', '2019-04-16 15:03:20'),
	(188, 2, '189-192.04.2019', '-', '2019-04-12 00:00:00', '2019-04-16 15:05:02', '2019-04-16 15:05:02'),
	(189, 6, '-', '-', '2019-04-13 00:00:00', '2019-04-16 15:06:38', '2019-04-16 15:06:38'),
	(190, 7, '16-15.04.2019', '-', '2019-04-13 00:00:00', '2019-04-16 15:07:04', '2019-04-16 15:07:04'),
	(191, 7, '17.04.2019', '-', '2019-04-15 00:00:00', '2019-04-16 15:11:17', '2019-04-16 15:11:17'),
	(192, 7, '18.04.2019', '-', '2019-04-15 00:00:00', '2019-04-16 15:11:50', '2019-04-16 15:11:50'),
	(193, 6, '-', '-', '2019-04-15 00:00:00', '2019-04-16 15:12:33', '2019-04-16 15:12:33'),
	(194, 3, 'Memo', '-', '2019-04-15 00:00:00', '2019-04-16 15:15:41', '2019-04-16 15:15:41'),
	(195, 2, '193.04.2019', '-', '2019-04-15 00:00:00', '2019-04-16 15:16:21', '2019-04-16 15:16:21'),
	(196, 2, '194.04.2019', '-', '2019-04-15 00:00:00', '2019-04-16 15:16:53', '2019-04-16 15:16:53'),
	(197, 2, '195.04.2019', '-', '2019-04-15 00:00:00', '2019-04-16 15:17:10', '2019-04-16 15:17:10'),
	(198, 5, '-', '-', '2019-04-16 00:00:00', '2019-04-18 08:54:52', '2019-04-18 08:54:52'),
	(199, 6, '-', '-', '2019-04-16 00:00:00', '2019-04-18 08:55:14', '2019-04-18 08:55:14'),
	(200, 7, '19.04.2019', '-', '2019-04-16 00:00:00', '2019-04-18 08:55:37', '2019-04-18 08:55:37'),
	(201, 14, '-', '-', '2019-04-16 00:00:00', '2019-04-18 08:56:36', '2019-04-18 08:56:36'),
	(202, 7, '20.04.2019', '-', '2019-04-18 00:00:00', '2019-04-25 09:13:42', '2019-04-25 09:13:42'),
	(203, 2, '196-198.04.2019', '-', '2019-04-18 00:00:00', '2019-04-25 09:14:21', '2019-04-25 09:14:21'),
	(204, 7, '21.04.2019', '-', '2019-04-20 00:00:00', '2019-04-25 09:15:12', '2019-04-25 09:15:12'),
	(205, 12, '05-06.04.2019', '-', '2019-04-22 00:00:00', '2019-04-25 09:16:53', '2019-04-25 09:16:53'),
	(206, 6, '20.04.2019', '-', '2019-04-22 00:00:00', '2019-04-25 09:17:26', '2019-04-25 09:17:26'),
	(207, 2, '200-202.04.2019', '-', '2019-04-22 00:00:00', '2019-04-25 09:18:27', '2019-04-25 09:18:27'),
	(208, 5, '28.04.2019', '-', '2019-04-23 00:00:00', '2019-04-25 09:34:42', '2019-04-25 09:34:42'),
	(209, 7, '22.04.2019', '-', '2019-04-23 00:00:00', '2019-04-25 09:35:03', '2019-04-25 09:35:03'),
	(210, 6, '21.04.2019', '-', '2019-04-23 00:00:00', '2019-04-25 09:35:39', '2019-04-25 09:35:39'),
	(211, 2, '208.04.2019', '-', '2019-04-23 00:00:00', '2019-04-25 09:38:04', '2019-04-25 09:38:04'),
	(212, 2, '199-206,203-207.04.2019', '-', '2019-04-23 00:00:00', '2019-04-25 09:38:51', '2019-04-25 09:38:51'),
	(213, 2, '204.04.2019', '-', '2019-04-23 00:00:00', '2019-04-25 09:39:24', '2019-04-25 09:39:24'),
	(214, 6, '22.04.2019', '-', '2019-04-24 00:00:00', '2019-04-25 09:40:52', '2019-04-25 09:40:52'),
	(215, 2, '205.04.2019', '-', '2019-04-24 00:00:00', '2019-04-25 09:42:03', '2019-04-25 09:42:03'),
	(216, 2, '205.04.2019', '-', '2019-04-24 00:00:00', '2019-04-25 09:42:24', '2019-04-25 09:42:24'),
	(217, 6, '25.04.2019', '-', '2019-04-25 00:00:00', '2019-04-30 09:33:06', '2019-04-30 09:33:06'),
	(218, 6, '23.04.2019', '-', '2019-04-25 00:00:00', '2019-04-30 09:33:31', '2019-04-30 09:33:31'),
	(219, 7, '23.04.2019', '-', '2019-04-25 00:00:00', '2019-04-30 09:34:19', '2019-04-30 09:34:19'),
	(220, 2, '210.04.2019', '-', '2019-04-25 00:00:00', '2019-04-30 09:34:50', '2019-04-30 09:34:50'),
	(221, 1, '-', '-', '2019-04-25 00:00:00', '2019-04-30 09:35:03', '2019-04-30 09:35:03'),
	(222, 7, '24.04.2019', '-', '2019-04-26 00:00:00', '2019-04-30 09:36:56', '2019-04-30 09:36:56'),
	(223, 6, '24,24A.04.2019', '-', '2019-04-26 00:00:00', '2019-04-30 09:37:29', '2019-04-30 09:37:29'),
	(224, 2, '211.04.2019', '-', '2019-04-26 00:00:00', '2019-04-30 09:37:49', '2019-04-30 09:37:49'),
	(225, 6, '26.04.2019', '-', '2019-04-27 00:00:00', '2019-04-30 09:38:26', '2019-04-30 09:38:26'),
	(226, 7, '25.04.2019', '-', '2019-04-27 00:00:00', '2019-04-30 09:38:48', '2019-04-30 09:38:48'),
	(227, 7, '25.04.2019', '-', '2019-04-27 00:00:00', '2019-04-30 09:39:10', '2019-04-30 09:39:10'),
	(228, 2, '212-216', '-', '2019-04-27 00:00:00', '2019-04-30 09:40:12', '2019-04-30 09:40:12'),
	(229, 6, '-', '-', '2019-04-29 00:00:00', '2019-04-30 09:40:53', '2019-04-30 09:40:53'),
	(230, 7, '27.04.2019', '-', '2019-04-29 00:00:00', '2019-04-30 09:42:30', '2019-04-30 09:42:30'),
	(231, 2, '217.04.2019', '-', '2019-04-29 00:00:00', '2019-04-30 09:43:00', '2019-04-30 09:43:00'),
	(232, 2, '218.04.2019', '-', '2019-04-29 00:00:00', '2019-04-30 09:43:20', '2019-04-30 09:43:20'),
	(233, 2, '215.04.2019', '-', '2019-04-29 00:00:00', '2019-04-30 09:43:44', '2019-04-30 09:43:44'),
	(234, 2, '219.04.2019', '-', '2019-04-29 00:00:00', '2019-04-30 09:44:19', '2019-04-30 09:44:19'),
	(235, 5, '-', '-', '2019-04-30 00:00:00', '2019-05-02 08:51:26', '2019-05-02 08:51:26'),
	(236, 6, '-', '-', '2019-04-30 00:00:00', '2019-05-02 08:51:52', '2019-05-02 08:51:52'),
	(237, 7, '28.04.2019', '-', '2019-04-30 00:00:00', '2019-05-02 08:52:13', '2019-05-02 08:52:13'),
	(238, 2, '220-223.04.2019', '-', '2019-04-30 00:00:00', '2019-05-02 08:52:45', '2019-05-02 08:52:45'),
	(239, 1, '48.04.2019', '-', '2019-04-30 00:00:00', '2019-05-02 08:53:14', '2019-05-02 08:53:14'),
	(240, 13, '-', '-', '2019-04-04 00:00:00', '2019-05-02 09:29:58', '2019-05-02 09:29:58'),
	(241, 13, '-', '-', '2019-04-26 00:00:00', '2019-05-02 09:30:09', '2019-05-02 09:30:09'),
	(242, 7, '08.04.2019', '-', '2019-04-06 00:00:00', '2019-05-02 09:39:55', '2019-05-02 09:39:55'),
	(243, 7, '01.05.2019', '-', '2019-05-02 00:00:00', '2019-05-08 15:48:07', '2019-05-08 15:48:07'),
	(244, 6, '01.04.2019', '-', '2019-05-02 00:00:00', '2019-05-08 15:57:32', '2019-05-08 15:57:32'),
	(245, 6, '02.05.2019', '-', '2019-05-02 00:00:00', '2019-05-08 15:58:15', '2019-05-08 15:58:15'),
	(246, 2, '224.05.2019', '-', '2019-05-02 00:00:00', '2019-05-08 15:58:50', '2019-05-08 15:58:50'),
	(247, 11, '216-217.05.2019', '-', '2019-05-02 00:00:00', '2019-05-08 15:59:14', '2019-05-08 15:59:14'),
	(248, 7, '02.05.2019', '-', '2019-05-03 00:00:00', '2019-05-27 11:05:22', '2019-05-27 11:05:22'),
	(249, 6, '03.05.2019', '-', '2019-05-03 00:00:00', '2019-05-27 11:05:55', '2019-05-27 11:05:55'),
	(250, 6, '04.05.2019', '-', '2019-05-03 00:00:00', '2019-05-27 11:06:28', '2019-05-27 11:06:28'),
	(251, 2, '226.05.2019', '-', '2019-05-03 00:00:00', '2019-05-27 11:07:06', '2019-05-27 11:07:06'),
	(252, 2, '226-228.05.2019', '-', '2019-05-03 00:00:00', '2019-05-27 11:07:29', '2019-05-27 11:07:29'),
	(253, 1, '01.05.2019', '-', '2019-05-03 00:00:00', '2019-05-27 11:07:57', '2019-05-27 11:07:57'),
	(254, 7, '03.05.2019', '-', '2019-05-04 00:00:00', '2019-05-27 11:09:04', '2019-05-27 11:09:04'),
	(255, 7, '04.05.2019', '-', '2019-05-06 00:00:00', '2019-05-27 11:14:04', '2019-05-27 11:14:04'),
	(256, 7, '05.05.2019', '-', '2019-05-06 00:00:00', '2019-05-27 11:14:27', '2019-05-27 11:14:27'),
	(257, 2, '227-230.05.2019', '-', '2019-05-06 00:00:00', '2019-05-27 11:15:22', '2019-05-27 11:15:22'),
	(258, 6, '-', '-', '2019-05-06 00:00:00', '2019-05-27 11:16:19', '2019-05-27 11:16:19'),
	(259, 7, '06.05.2019', '-', '2019-05-07 00:00:00', '2019-05-27 11:17:35', '2019-05-27 11:17:35'),
	(260, 2, '231.05.2019', '-', '2019-05-07 00:00:00', '2019-05-27 11:18:44', '2019-05-27 11:18:44'),
	(261, 5, '-', '-', '2019-05-07 00:00:00', '2019-05-27 11:19:26', '2019-05-27 11:19:26'),
	(262, 7, '07-08.05.2019', '-', '2019-05-08 00:00:00', '2019-05-27 11:22:24', '2019-05-27 11:22:24'),
	(263, 2, '232.05.2019', '-', '2019-05-08 00:00:00', '2019-05-27 11:22:52', '2019-05-27 11:22:52'),
	(264, 1, '51.05.2019', '-', '2019-05-08 00:00:00', '2019-05-27 11:23:10', '2019-05-27 11:23:10'),
	(265, 7, '09-12.05.2019', '-', '2019-05-09 00:00:00', '2019-05-27 11:34:41', '2019-05-27 11:34:41'),
	(266, 2, '233-236.05.2019', '-', '2019-05-09 00:00:00', '2019-05-27 11:36:20', '2019-05-27 11:36:20'),
	(267, 6, '06.05.2019', '-', '2019-05-10 00:00:00', '2019-05-27 11:38:29', '2019-05-27 11:38:29'),
	(268, 7, '13-15.05.2019', '-', '2019-05-10 00:00:00', '2019-05-27 11:39:05', '2019-05-27 11:39:05'),
	(269, 6, '07.05.2019', '-', '2019-05-11 00:00:00', '2019-05-27 11:54:21', '2019-05-27 11:54:21'),
	(270, 7, '16.05.2019', '-', '2019-05-11 00:00:00', '2019-05-27 11:54:44', '2019-05-27 11:54:44'),
	(271, 6, '08.05.2019', '-', '2019-05-13 00:00:00', '2019-05-27 13:31:50', '2019-05-27 13:31:50'),
	(272, 7, '17-18.05.2019', '-', '2019-05-13 00:00:00', '2019-05-27 13:33:17', '2019-05-27 13:33:17'),
	(273, 2, '237-238.05.2019', '-', '2019-05-13 00:00:00', '2019-05-27 13:33:57', '2019-05-27 13:33:57'),
	(274, 12, '07.05.2019', '-', '2019-05-14 00:00:00', '2019-05-27 13:34:22', '2019-05-27 13:34:22'),
	(275, 5, '32-33.05.2019', '-', '2019-05-14 00:00:00', '2019-05-27 13:35:59', '2019-05-27 13:35:59'),
	(276, 7, '19.05.2019', '-', '2019-05-14 00:00:00', '2019-05-27 13:36:21', '2019-05-27 13:36:21'),
	(277, 6, '09.05.2019', '-', '2019-05-14 00:00:00', '2019-05-27 13:37:36', '2019-05-27 13:37:36'),
	(278, 5, '34.05.2019', '-', '2019-05-15 00:00:00', '2019-05-27 13:38:08', '2019-05-27 13:38:08'),
	(279, 6, '10.05.2019', '-', '2019-05-15 00:00:00', '2019-05-27 13:38:38', '2019-05-27 13:38:38'),
	(280, 1, '52.05.2019', '-', '2019-05-15 00:00:00', '2019-05-27 13:38:53', '2019-05-27 13:38:53'),
	(281, 6, '11.05.2019', '-', '2019-05-16 00:00:00', '2019-05-27 13:39:16', '2019-05-27 13:39:16'),
	(282, 7, '20.05.2019', '-', '2019-05-16 00:00:00', '2019-05-27 13:39:36', '2019-05-27 13:39:36'),
	(283, 3, 'Memo', '-', '2019-05-16 00:00:00', '2019-05-27 13:42:46', '2019-05-27 13:42:46'),
	(284, 2, '239-242.05.2019', '-', '2019-05-16 00:00:00', '2019-05-27 13:43:31', '2019-05-27 13:43:31'),
	(285, 7, '21.05.2019', '-', '2019-05-17 00:00:00', '2019-05-27 13:44:06', '2019-05-27 13:44:06'),
	(286, 6, '-', '-', '2019-05-17 00:00:00', '2019-05-27 13:44:32', '2019-05-27 13:44:32'),
	(287, 2, '243-247.05.2019', '-', '2019-05-17 00:00:00', '2019-05-27 13:45:42', '2019-05-27 13:45:42'),
	(288, 7, '22.05.2019', '-', '2019-05-18 00:00:00', '2019-05-27 13:46:12', '2019-05-27 13:46:12'),
	(289, 2, '248-249.05.2019', '-', '2019-05-18 00:00:00', '2019-05-27 13:46:42', '2019-05-27 13:46:42'),
	(290, 2, '250-251.05.2019', '-', '2019-05-20 00:00:00', '2019-05-27 13:47:57', '2019-05-27 13:47:57'),
	(291, 1, '53.05.2019', '-', '2019-05-20 00:00:00', '2019-05-27 13:48:17', '2019-05-27 13:48:17'),
	(292, 5, '35.05.2019', '-', '2019-05-21 00:00:00', '2019-05-27 13:48:54', '2019-05-27 13:48:54'),
	(293, 7, '23-25.05.2019', '-', '2019-05-21 00:00:00', '2019-05-27 13:49:32', '2019-05-27 13:49:32'),
	(294, 2, '252-254.05.2019', '-', '2019-05-21 00:00:00', '2019-05-27 13:50:12', '2019-05-27 13:50:12'),
	(295, 7, '2 6.05.2019', '-', '2019-05-22 00:00:00', '2019-05-27 13:50:34', '2019-05-27 13:50:34'),
	(296, 2, '255-257.05.2019', '-', '2019-05-22 00:00:00', '2019-05-27 13:51:10', '2019-05-27 13:51:10'),
	(297, 7, '27-30.05.2019', '-', '2019-05-23 00:00:00', '2019-05-27 13:52:07', '2019-05-27 13:52:07'),
	(298, 2, '258-259.05.2019', '-', '2019-05-23 00:00:00', '2019-05-27 13:52:39', '2019-05-27 13:52:39'),
	(299, 6, '12.05.2019', '-', '2019-05-24 00:00:00', '2019-05-27 13:53:34', '2019-05-27 13:53:34'),
	(300, 2, '260-262.05.2019', '-', '2019-05-24 00:00:00', '2019-05-27 13:54:01', '2019-05-27 13:54:01'),
	(301, 6, '-', '-', '2019-05-25 00:00:00', '2019-05-27 13:54:31', '2019-05-27 13:54:31'),
	(302, 7, '31-32.05.2019', '-', '2019-05-25 00:00:00', '2019-05-27 13:54:57', '2019-05-27 13:54:57'),
	(303, 2, '263-264.05.2019', '-', '2019-05-25 00:00:00', '2019-05-27 13:55:45', '2019-05-27 13:55:45'),
	(304, 12, '28.05.2019', '-', '2019-05-27 00:00:00', '2019-05-28 15:48:58', '2019-05-28 15:48:58'),
	(305, 6, '14-15.05.2019', '-', '2019-05-27 00:00:00', '2019-05-28 15:49:40', '2019-05-28 15:49:40'),
	(306, 6, '-', '-', '2019-05-28 00:00:00', '2019-05-29 13:06:03', '2019-05-29 13:06:03'),
	(307, 7, '33.05.2019', '-', '2019-05-28 00:00:00', '2019-05-29 13:06:25', '2019-05-29 13:06:25'),
	(308, 2, '265-266.05.2019', '-', '2019-05-28 00:00:00', '2019-05-29 13:07:05', '2019-05-29 13:07:05'),
	(309, 1, '54.05.2019', '-', '2019-05-28 00:00:00', '2019-05-29 13:07:19', '2019-05-29 13:07:19'),
	(310, 6, '19-21.05.2019', '-', '2019-05-29 00:00:00', '2019-05-29 13:09:52', '2019-05-29 13:09:52'),
	(311, 1, '50.05.2019', '-', '2019-05-04 00:00:00', '2019-05-29 13:49:38', '2019-05-29 13:49:38'),
	(312, 6, '-', '-', '2019-06-11 00:00:00', '2019-07-03 20:40:11', '2019-07-03 20:40:11'),
	(313, 6, '02.06.2019', '-', '2019-06-12 00:00:00', '2019-07-03 20:42:25', '2019-07-03 20:42:25'),
	(314, 7, '01.06.2019', '-', '2019-06-12 00:00:00', '2019-07-03 20:42:59', '2019-07-03 20:42:59'),
	(315, 2, '267-269.06.2019', '-', '2019-06-12 00:00:00', '2019-07-03 20:43:44', '2019-07-03 20:43:44'),
	(316, 5, '36.06.2019', '-', '2019-06-13 00:00:00', '2019-07-03 20:44:41', '2019-07-03 20:44:41'),
	(317, 2, '270-273.06.2019', '-', '2019-06-13 00:00:00', '2019-07-03 20:45:34', '2019-07-03 20:45:34'),
	(318, 14, 'Memo', '-', '2019-06-14 00:00:00', '2019-07-03 21:01:37', '2019-07-03 21:01:37'),
	(319, 2, '274.06.2019', '-', '2019-06-14 00:00:00', '2019-07-03 21:02:25', '2019-07-03 21:02:25'),
	(320, 3, 'Memo', '-', '2019-06-15 00:00:00', '2019-07-03 21:09:50', '2019-07-03 21:09:50'),
	(321, 2, '276.06.2019', '-', '2019-06-15 00:00:00', '2019-07-03 21:10:52', '2019-07-03 21:10:52'),
	(322, 14, '-', '-', '2019-06-15 00:00:00', '2019-07-03 21:11:35', '2019-07-03 21:11:35'),
	(323, 7, '02.06.2019', '-', '2019-06-17 00:00:00', '2019-07-03 21:12:47', '2019-07-03 21:12:47'),
	(324, 3, 'Memo', '-', '2019-06-17 00:00:00', '2019-07-03 21:13:13', '2019-07-03 21:13:13'),
	(325, 2, '275-278.06.2019', '-', '2019-06-17 00:00:00', '2019-07-03 21:13:47', '2019-07-03 21:13:47'),
	(326, 5, '37.06.2019', '-', '2019-06-18 00:00:00', '2019-07-03 21:15:49', '2019-07-03 21:15:49'),
	(327, 12, '08.06.2019', '-', '2019-06-18 00:00:00', '2019-07-03 21:16:15', '2019-07-03 21:16:15'),
	(328, 7, '03.06.2019', '-', '2019-06-18 00:00:00', '2019-07-03 21:16:36', '2019-07-03 21:16:36'),
	(329, 6, '04.06.2019', '-', '2019-06-18 00:00:00', '2019-07-03 21:16:59', '2019-07-03 21:16:59'),
	(330, 2, '280-281.06.2019', '-', '2019-06-18 00:00:00', '2019-07-03 21:17:19', '2019-07-03 21:17:19'),
	(331, 12, '02,29.06.2019', '-', '2019-06-19 00:00:00', '2019-07-03 21:18:29', '2019-07-03 21:18:29'),
	(332, 7, '04.06.2019', '-', '2019-06-19 00:00:00', '2019-07-03 21:18:56', '2019-07-03 21:18:56'),
	(333, 6, '12.06.2019', '-', '2019-06-19 00:00:00', '2019-07-03 21:19:19', '2019-07-03 21:19:19'),
	(334, 1, '55.06.2019', '-', '2019-06-19 00:00:00', '2019-07-03 21:22:23', '2019-07-03 21:22:23'),
	(335, 5, '38.06.2019', '-', '2019-06-20 00:00:00', '2019-07-03 21:23:03', '2019-07-03 21:23:03'),
	(336, 5, '38.06.2019', '-', '2019-06-20 00:00:00', '2019-07-03 21:23:54', '2019-07-03 21:23:54'),
	(337, 7, '05.06.2019', '-', '2019-06-20 00:00:00', '2019-07-03 21:24:21', '2019-07-03 21:24:21'),
	(338, 2, '282.06.2019', '-', '2019-06-20 00:00:00', '2019-07-03 21:25:16', '2019-07-03 21:25:16'),
	(339, 1, '56.06.2019', '-', '2019-06-20 00:00:00', '2019-07-03 21:25:31', '2019-07-03 21:25:31'),
	(340, 7, '06.06.2019', '-', '2019-06-21 00:00:00', '2019-07-03 21:26:22', '2019-07-03 21:26:22'),
	(341, 6, '06.06.2019', '-', '2019-06-21 00:00:00', '2019-07-03 21:26:48', '2019-07-03 21:26:48'),
	(342, 2, '279,283.06.2019', '-', '2019-06-21 00:00:00', '2019-07-03 21:27:34', '2019-07-03 21:27:34'),
	(343, 14, '-', '-', '2019-06-21 00:00:00', '2019-07-03 21:30:09', '2019-07-03 21:30:09'),
	(344, 14, 'Memo', '-', '2019-06-21 00:00:00', '2019-07-03 21:30:59', '2019-07-03 21:30:59'),
	(345, 5, 'Memo', '-', '2019-06-22 00:00:00', '2019-07-03 21:31:28', '2019-07-03 21:31:28'),
	(346, 6, '-', '-', '2019-06-22 00:00:00', '2019-07-03 21:31:38', '2019-07-03 21:31:38'),
	(347, 2, '284-286.06.2019', '-', '2019-06-22 00:00:00', '2019-07-03 21:33:09', '2019-07-03 21:33:09'),
	(348, 12, '30.06.2019', '-', '2019-06-24 00:00:00', '2019-07-03 21:34:18', '2019-07-03 21:34:18'),
	(349, 2, '287-288.06.2019', '-', '2019-06-24 00:00:00', '2019-07-03 21:39:02', '2019-07-03 21:39:02'),
	(350, 12, '31.06.2019', '-', '2019-06-25 00:00:00', '2019-07-03 21:39:51', '2019-07-03 21:39:51'),
	(351, 7, '07.06.2019', '-', '2019-06-25 00:00:00', '2019-07-03 21:40:09', '2019-07-03 21:40:09'),
	(352, 2, '289-292.06.2019', '-', '2019-06-25 00:00:00', '2019-07-03 21:41:10', '2019-07-03 21:41:10'),
	(353, 5, '-', '-', '2019-06-25 00:00:00', '2019-07-03 21:41:36', '2019-07-03 21:41:36'),
	(354, 7, '08.06.2019', '-', '2019-06-26 00:00:00', '2019-07-03 21:42:54', '2019-07-03 21:42:54'),
	(355, 2, '293-294,296.06.2019', '-', '2019-06-26 00:00:00', '2019-07-03 21:43:51', '2019-07-03 21:43:51'),
	(356, 7, '09.06.2019', '-', '2019-06-27 00:00:00', '2019-07-03 21:58:43', '2019-07-03 21:58:43'),
	(357, 2, '295-300.06.2019', '-', '2019-06-27 00:00:00', '2019-07-03 22:01:28', '2019-07-03 22:01:28'),
	(358, 5, '41.06.2019', '-', '2019-06-28 00:00:00', '2019-07-04 07:22:04', '2019-07-04 07:22:04'),
	(359, 2, '301-302.06.2019', '-', '2019-06-28 00:00:00', '2019-07-04 07:23:38', '2019-07-04 07:23:38'),
	(360, 2, '303-305.06.2019', '-', '2019-06-29 00:00:00', '2019-07-04 07:31:39', '2019-07-04 07:31:39');
/*!40000 ALTER TABLE `muat_header` ENABLE KEYS */;

-- Dumping structure for table warehouse.password_resets
CREATE TABLE IF NOT EXISTS `password_resets` (
  `email` varchar(191) COLLATE utf8mb4_unicode_ci NOT NULL,
  `token` varchar(191) COLLATE utf8mb4_unicode_ci NOT NULL,
  `created_at` timestamp NULL DEFAULT NULL,
  KEY `password_resets_email_index` (`email`)
) ENGINE=InnoDB DEFAULT CHARSET=utf8mb4 COLLATE=utf8mb4_unicode_ci;

-- Dumping data for table warehouse.password_resets: ~1 rows (approximately)
/*!40000 ALTER TABLE `password_resets` DISABLE KEYS */;
REPLACE INTO `password_resets` (`email`, `token`, `created_at`) VALUES
	('paulusw.94@gmail.com', '$2y$10$laiPW08Iay1LczrvmZtDAeSL2rxwDZ3cJ8U/jxuDS8OVOdUJnHZTi', '2019-04-15 14:15:03');
/*!40000 ALTER TABLE `password_resets` ENABLE KEYS */;

-- Dumping structure for table warehouse.recurring_fees
CREATE TABLE IF NOT EXISTS `recurring_fees` (
  `id` int(10) unsigned NOT NULL AUTO_INCREMENT,
  `item_id` int(10) unsigned NOT NULL,
  `name` varchar(191) COLLATE utf8mb4_unicode_ci NOT NULL,
  `price` int(11) NOT NULL DEFAULT '0',
  `recurring_type` varchar(191) COLLATE utf8mb4_unicode_ci NOT NULL COMMENT 'daily/monthly/each date',
  `recurring_date` datetime DEFAULT NULL COMMENT 'if type chosen is each date',
  `created_at` timestamp NULL DEFAULT NULL,
  `updated_at` timestamp NULL DEFAULT NULL,
  `deleted_at` timestamp NULL DEFAULT NULL,
  PRIMARY KEY (`id`)
) ENGINE=InnoDB DEFAULT CHARSET=utf8mb4 COLLATE=utf8mb4_unicode_ci;

-- Dumping data for table warehouse.recurring_fees: ~0 rows (approximately)
/*!40000 ALTER TABLE `recurring_fees` DISABLE KEYS */;
/*!40000 ALTER TABLE `recurring_fees` ENABLE KEYS */;

-- Dumping structure for table warehouse.single_fees
CREATE TABLE IF NOT EXISTS `single_fees` (
  `id` int(10) unsigned NOT NULL AUTO_INCREMENT,
  `item_id` int(10) unsigned NOT NULL,
  `name` varchar(191) COLLATE utf8mb4_unicode_ci NOT NULL,
  `price` int(11) NOT NULL DEFAULT '0',
  `created_at` timestamp NULL DEFAULT NULL,
  `updated_at` timestamp NULL DEFAULT NULL,
  `deleted_at` timestamp NULL DEFAULT NULL,
  PRIMARY KEY (`id`)
) ENGINE=InnoDB DEFAULT CHARSET=utf8mb4 COLLATE=utf8mb4_unicode_ci;

-- Dumping data for table warehouse.single_fees: ~0 rows (approximately)
/*!40000 ALTER TABLE `single_fees` DISABLE KEYS */;
/*!40000 ALTER TABLE `single_fees` ENABLE KEYS */;

-- Dumping structure for table warehouse.transactions
CREATE TABLE IF NOT EXISTS `transactions` (
  `id` int(10) unsigned NOT NULL AUTO_INCREMENT,
  `client_id` int(10) unsigned NOT NULL,
  `item_id` int(10) unsigned NOT NULL,
  `ref_id` int(10) unsigned NOT NULL,
  `ref_table_name` varchar(191) COLLATE utf8mb4_unicode_ci NOT NULL,
  `qty` int(11) NOT NULL,
  `nominal` int(11) NOT NULL,
  `note` varchar(191) COLLATE utf8mb4_unicode_ci NOT NULL,
  `desc` varchar(191) COLLATE utf8mb4_unicode_ci NOT NULL,
  `created_at` timestamp NULL DEFAULT NULL,
  `updated_at` timestamp NULL DEFAULT NULL,
  `deleted_at` timestamp NULL DEFAULT NULL,
  PRIMARY KEY (`id`)
) ENGINE=InnoDB DEFAULT CHARSET=utf8mb4 COLLATE=utf8mb4_unicode_ci;

-- Dumping data for table warehouse.transactions: ~0 rows (approximately)
/*!40000 ALTER TABLE `transactions` DISABLE KEYS */;
/*!40000 ALTER TABLE `transactions` ENABLE KEYS */;

-- Dumping structure for table warehouse.users
CREATE TABLE IF NOT EXISTS `users` (
  `id` int(10) unsigned NOT NULL AUTO_INCREMENT,
  `name` varchar(191) COLLATE utf8mb4_unicode_ci NOT NULL,
  `email` varchar(191) COLLATE utf8mb4_unicode_ci NOT NULL,
  `password` varchar(191) COLLATE utf8mb4_unicode_ci NOT NULL,
  `remember_token` varchar(100) COLLATE utf8mb4_unicode_ci DEFAULT NULL,
  `created_at` timestamp NULL DEFAULT NULL,
  `updated_at` timestamp NULL DEFAULT NULL,
  PRIMARY KEY (`id`),
  UNIQUE KEY `users_email_unique` (`email`)
) ENGINE=InnoDB AUTO_INCREMENT=12 DEFAULT CHARSET=utf8mb4 COLLATE=utf8mb4_unicode_ci;

-- Dumping data for table warehouse.users: ~11 rows (approximately)
/*!40000 ALTER TABLE `users` DISABLE KEYS */;
REPLACE INTO `users` (`id`, `name`, `email`, `password`, `remember_token`, `created_at`, `updated_at`) VALUES
	(1, 'Paulus Wey', 'paulusw.94@gmail.com', '$2y$10$o4kn0xDh1Sy3O/Xd7lb/K.PSmoJLwsJJt9hWRc45g4qsi6dRfubmy', 'Ol7fKQIVWsoAGVfXc6w62rocMSzjO6uCSRgHwoe3uUHtndU9lEWHe8RWiIkZ', '2019-03-19 10:31:42', '2019-03-19 10:31:42'),
	(2, 'Earline Koss', 'georgette.klein@medhurst.com', '$2y$10$o4kn0xDh1Sy3O/Xd7lb/K.PSmoJLwsJJt9hWRc45g4qsi6dRfubmy', NULL, '2019-03-19 10:31:42', '2019-03-19 10:31:42'),
	(3, 'Dr. Greg Zboncak I', 'mschuppe@streich.info', '$2y$10$o4kn0xDh1Sy3O/Xd7lb/K.PSmoJLwsJJt9hWRc45g4qsi6dRfubmy', NULL, '2019-03-19 10:31:42', '2019-03-19 10:31:42'),
	(4, 'Lily Bradtke', 'wlakin@gmail.com', '$2y$10$o4kn0xDh1Sy3O/Xd7lb/K.PSmoJLwsJJt9hWRc45g4qsi6dRfubmy', NULL, '2019-03-19 10:31:42', '2019-03-19 10:31:42'),
	(5, 'Raphaelle Prohaska', 'reinger.king@yahoo.com', '$2y$10$o4kn0xDh1Sy3O/Xd7lb/K.PSmoJLwsJJt9hWRc45g4qsi6dRfubmy', NULL, '2019-03-19 10:31:42', '2019-03-19 10:31:42'),
	(6, 'Cortez Wunsch', 'dax96@yahoo.com', '$2y$10$o4kn0xDh1Sy3O/Xd7lb/K.PSmoJLwsJJt9hWRc45g4qsi6dRfubmy', NULL, '2019-03-19 10:31:42', '2019-03-19 10:31:42'),
	(7, 'Annabelle Monahan I', 'nicolas.kaia@mohr.com', '$2y$10$o4kn0xDh1Sy3O/Xd7lb/K.PSmoJLwsJJt9hWRc45g4qsi6dRfubmy', NULL, '2019-03-19 10:31:42', '2019-03-19 10:31:42'),
	(8, 'Chaz Herzog', 'hmoen@brekke.com', '$2y$10$o4kn0xDh1Sy3O/Xd7lb/K.PSmoJLwsJJt9hWRc45g4qsi6dRfubmy', NULL, '2019-03-19 10:31:42', '2019-03-19 10:31:42'),
	(9, 'Keshawn Tremblay', 'danny86@gmail.com', '$2y$10$o4kn0xDh1Sy3O/Xd7lb/K.PSmoJLwsJJt9hWRc45g4qsi6dRfubmy', NULL, '2019-03-19 10:31:42', '2019-03-19 10:31:42'),
	(10, 'Guillermo Crooks', 'rosella.fahey@jenkins.org', '$2y$10$o4kn0xDh1Sy3O/Xd7lb/K.PSmoJLwsJJt9hWRc45g4qsi6dRfubmy', NULL, '2019-03-19 10:31:42', '2019-03-19 10:31:42'),
	(11, 'Karya Bersama', 'karyabersama13@gmail.com', '$2y$10$jKfiyRVm0JyYXFsDKPBdcO0lP1C5M9sKZ0kjO/o3SoMwCBL/V12kK', NULL, '2019-05-28 13:54:12', '2019-05-28 13:54:12');
/*!40000 ALTER TABLE `users` ENABLE KEYS */;

/*!40101 SET SQL_MODE=IFNULL(@OLD_SQL_MODE, '') */;
/*!40014 SET FOREIGN_KEY_CHECKS=IF(@OLD_FOREIGN_KEY_CHECKS IS NULL, 1, @OLD_FOREIGN_KEY_CHECKS) */;
/*!40101 SET CHARACTER_SET_CLIENT=@OLD_CHARACTER_SET_CLIENT */;
